,text,centroids_id,dist_score,avg_dist
0,_,0,0.10543051838323532,0.6261422847790628
736,What to do if my employee do not want to work because od Coronavirus?,0,0.9795077345653905,0.6261422847790628
189,as an employer. what can i do if an employee cant send children to school or daycare,0,0.9733868410831199,0.6261422847790628
752,_,0,0.10543051838323532,0.6261422847790628
192,what do I do if i am planning an event,0,0.9907427960744078,0.6261422847790628
193,what precorsiens do i have to make if i am hosting an event,0,0.9907427960744077,0.6261422847790628
713,_,0,0.10543051838323532,0.6261422847790628
197,what do you know about coroa´navirus?,0,0.9858588172947262,0.6261422847790628
173,_,0,0.10543051838323532,0.6261422847790628
759,_,0,0.10543051838323532,0.6261422847790628
785,_,0,0.10543051838323532,0.6261422847790628
800,_,0,0.10543051838323532,0.6261422847790628
816,_,0,0.10543051838323532,0.6261422847790628
251,"one of my employees tells me that he is sick but he doesn't know if it is corono, what do I do? do I send him home just like that?",0,0.9711260723215559,0.6261422847790628
817,_,0,0.10543051838323532,0.6261422847790628
823,_,0,0.10543051838323532,0.6261422847790628
825,_,0,0.10543051838323532,0.6261422847790628
219,what do I do if I am in the the riskgroup,0,0.9941772082879816,0.6261422847790628
828,_,0,0.10543051838323532,0.6261422847790628
161,Is there anything I need to do while at hom to be safe?,0,0.9811204860255617,0.6261422847790628
149,no,0,0.10543051838323532,0.6261422847790628
123,_,0,0.10543051838323532,0.6261422847790628
124,_,0,0.10543051838323532,0.6261422847790628
125,_,0,0.10543051838323532,0.6261422847790628
126,_,0,0.10543051838323532,0.6261422847790628
127,_,0,0.10543051838323532,0.6261422847790628
128,_,0,0.10543051838323532,0.6261422847790628
129,_,0,0.10543051838323532,0.6261422847790628
155,What do I need to do with my kid has fever?,0,0.9813809416202663,0.6261422847790628
130,_,0,0.10543051838323532,0.6261422847790628
132,_,0,0.10543051838323532,0.6261422847790628
133,_,0,0.10543051838323532,0.6261422847790628
134,_,0,0.10543051838323532,0.6261422847790628
135,_,0,0.10543051838323532,0.6261422847790628
136,_,0,0.10543051838323532,0.6261422847790628
137,_,0,0.10543051838323532,0.6261422847790628
138,_,0,0.10543051838323532,0.6261422847790628
131,_,0,0.10543051838323532,0.6261422847790628
97,they can refuse unless they want to keep their job.,0,0.9878661976488804,0.6261422847790628
830,_,0,0.10543051838323532,0.6261422847790628
267,Why is it recommended that larger group meetings are cancelled?,0,0.9890281500474376,0.6261422847790628
933,what are the good directives when organizing a meeting?,0,0.9916770915584873,0.6261422847790628
940,I have a lung disease. What should I do?,0,0.9941772082879816,0.6261422847790628
510,Can I cross the border to Germany ,0,0.9899320374469617,0.6261422847790628
959,Is there any news today?,0,0.9941772082879817,0.6261422847790628
965,Will I be immune?,0,0.9941772082879817,0.6261422847790628
372,Is it OK for me still til visit senior citizens in their home or at their nursing homes?,0,0.9887897800804416,0.6261422847790628
375,"Schools and daycares are closed due to the outbreak. What is my rights as an employer, when employees do not have the opportunity to have someone to look after their child? ",0,0.9696007262200033,0.6261422847790628
929,"one of us is under quarantine, we would like to know how to proceed",0,0.9797694309764722,0.6261422847790628
383,Are my employees allowed to deny business related travels due to the outbreak? ,0,0.9843012843691584,0.6261422847790628
399,Please inform me about the incubation time for infection?,0,0.9941772082879816,0.6261422847790628
447,I want to inquire as to who should undergo testing,0,0.9898274786678095,0.6261422847790628
1021,should i worry about my kids?_,0,0.9879372595965877,0.6261422847790628
442,I'm 85 old. What should I do?,0,0.9941772082879817,0.6261422847790628
437,"I'm young, healthy, and have no known underlying illnesses, is there anything I should be aware of?",0,0.9904131494924467,0.6261422847790628
1030,What to do if employee cannot find daycare,0,0.9788855637168661,0.6261422847790628
418,Do I have to perform particular actions at home to keep myself and my family safe?,0,0.9869698607427249,0.6261422847790628
987,Do I need a mask when I go outside? What are the rules for social distancing?,0,0.9878716043512435,0.6261422847790628
266,Should I be educating the same way my child during the COVID-19?,0,0.9844056637002883,0.6261422847790628
928,"our employee is saying that she cannot leave her child alone at home, we don't know what to do",0,0.9711668146115147,0.6261422847790628
911,can i see the most recent statistics on contagion,0,0.9922368998736808,0.6261422847790628
274,they say that masks don't really help. What can I do to protect myself then? I need to do groceries and live.,0,0.9845731041495827,0.6261422847790628
841,_,0,0.10543051838323532,0.6261422847790628
842,_,0,0.10543051838323532,0.6261422847790628
844,_,0,0.10543051838323532,0.6261422847790628
861,am i likely to end up in the hospital or die?,0,0.9905468533831917,0.6261422847790628
873,should i close the office,0,0.9926091123569857,0.6261422847790628
885,if i have a dinner at my place do we need to be 2m apart?,0,0.9883671311875515,0.6261422847790628
914,what's carona_,0,0.9941772082879817,0.6261422847790628
887,is grandma or grandpa in danger,0,0.9941772082879816,0.6261422847790628
889,"i've got a baby on the way, what to do",0,0.9898491193844442,0.6261422847790628
894,"i just came back from france, can i see my sister",0,0.9922368998736807,0.6261422847790628
895,i had an eye operation scheduled do you think it will happen,0,0.9941772082879817,0.6261422847790628
900,we have a business trip to florida but an employee is scared to come,0,0.9858068966961009,0.6261422847790628
541,what can i do if my employee cant work beacuse no one can take care of their child,0,0.9764517665522283,0.6261422847790628
902,can i still buy ice cream,0,0.9869709037613696,0.6261422847790628
906,can i buy stuff in Germany,0,0.9833348883567273,0.6261422847790628
559,Why do the government advise us not to have parties ,0,0.988517298467188,0.6261422847790628
89,buy diapers.,0,0.9869438727312998,0.6261422847790628
424,"My employee has tried to get someone to care for their child, but has thus far been unsuccessful. What can I do as an employer?",0,0.9791693520722189,0.6261422847790628
54,is there anything I should do if i am not risky,0,0.988811599390928,0.6261422847790628
30,should I cancel my birthday party?,0,0.9883042339887305,0.6261422847790628
26,my employe can not get her kids look after and I don't know what to do?,0,0.9727832732468958,0.6261422847790628
72,do we know how coronavirus impacts the humas ,0,0.9853318244675625,0.6261422847790628
1,_,0,0.10543051838323532,0.6261422847790628
16,at what point should I seek medical help?,0,0.9922739159420868,0.6261422847790628
33,_,0,0.10543051838323532,0.6261422847790628
7,What should I do?,0,0.10543051838323532,0.6261422847790628
924,What are we supposed to do as a company if one of us is infected?,1,0.756405652221854,0.7578522199769758
867,are there different strands of the virus? does one build immunity?,1,0.7707900963475882,0.7578522199769758
2,What to do if I'm one of the people with a risk profile?,1,0.7463609113614851,0.7578522199769758
139,What should a pregnant woman do to stay safe from the Coronavirus?,2,0.3722941484603916,0.3722941484603916
3,What to do as a pregnant woman?,2,0.3722941484603916,0.3722941484603916
788,Can my employee say no to travel due to coronavirus?,3,0.4401242253557193,0.4401242253557193
4,Can an employee say that they dont want to travel because of coronavirus?,3,0.4401242253557193,0.4401242253557193
557,who is being tested,4,0.09405110320900166,0.15675183868166945
304,Who should be tested?,4,0.09405110320900166,0.15675183868166945
110,Who should be tested?,4,0.09405110320900166,0.15675183868166945
5,Who should be tested?,4,0.09405110320900166,0.15675183868166945
797,Who should be tested against coronavirus?,4,0.4702555160450085,0.15675183868166945
404,Who should be tested?,4,0.09405110320900166,0.15675183868166945
864,how many have died worldwide?,5,0.6585585536397558,0.39439623010810476
708,how many die of covid19,5,0.20290098599267448,0.39439623010810476
1022,how many dies from it?,5,0.20290098599267448,0.39439623010810476
858,how many have died?,5,0.20290098599267448,0.39439623010810476
565,how many die of covid-19,5,0.4954183960952189,0.39439623010810476
1024,how many dies from the virus?_,5,0.40157993161905703,0.39439623010810476
1023,how many dies from it?,5,0.20290098599267448,0.39439623010810476
576,How many people die because of the virus?,5,0.5427537879828267,0.39439623010810476
6,Will I die?,5,0.6396514576653862,0.39439623010810476
244,am I allowed to go outside?,6,0.40124253290712225,0.40124253290712225
8,What to do when outside?,6,0.40124253290712225,0.40124253290712225
64,what should I do if I feel sick?,7,0.750039694892425,0.6425209564081075
462,"I'm sick, what do I do?",7,0.41433687889713094,0.6425209564081075
780,What to do if i got sick?,7,0.7070291282703876,0.6425209564081075
9,I'm sick wtf do i do?,7,0.7846915787457852,0.6425209564081075
340,I'm sick what do i do,7,0.41433687889713094,0.6425209564081075
210,what do i do if i fall sick,7,0.7846915787457852,0.6425209564081075
10,i dont know what to do now that I am sick,8,0.0,0.0
11,What should I do because I touched someone who are sick with corona,9,0.0,0.0
12,How do I do to help my employes with corona?,10,0.0,0.0
13,waht should i do to minimise the spread?,11,0.0,0.0
441,Who is at risk when it comes to coronavirus?,12,0.7639848657655035,0.610518503360035
765,What to do if my child is at risk?,12,0.6998890177686875,0.610518503360035
14,"I am not at risk, is there anything I should do?",12,0.7310870663904323,0.610518503360035
1042,Am I at risk?_,12,0.3829568182639363,0.610518503360035
488,What do I do if I am at risk ,12,0.3829568182639363,0.610518503360035
618,is there any risk for my kids?,12,0.702236433707714,0.610518503360035
320,Please tell me how I can avoid infection?,13,0.6575206420528372,0.6114310263389331
35,who should I avoid to not get corona?,13,0.6435375951156072,0.6114310263389331
15,how can I avoid being infected?,13,0.4513248799521125,0.6114310263389331
660,How can explain to my girls how they should avoid infection?,13,0.6933409882351755,0.6114310263389331
951,How can I tell my son about the corona?,14,0.4445172710437545,0.4445172710437545
17,is my son at risk of being infected?,14,0.4445172710437545,0.4445172710437545
233,is it really necessary to wear a mask?,15,0.7529259481545988,0.5983825729016579
326,should I be wearing a mask?,15,0.3245798769360863,0.5983825729016579
619,Must a wear a mask?,15,0.6658197476447218,0.5983825729016579
18,should I be wearing a mask when I am outside?,15,0.6063503421877373,0.5983825729016579
610,Shall I wear a face mask in the public places?,15,0.8206173789606253,0.5983825729016579
491,Do I have to wear a mask to avoid catching Corona ,15,0.6994812626920873,0.5983825729016579
757,Should i wear a mask?,15,0.3245798769360863,0.5983825729016579
870,should i wear mask and gloves,15,0.6658197476447218,0.5983825729016579
348,Do I need to wear a mask?,15,0.5252689749582554,0.5983825729016579
19,is it safe to use a public swimming pool?,16,0.0,0.0
78,can i travel? _,17,0.3690651910959714,0.5320118758560006
511,what should i do if i HAVE to travel soon,17,0.7317395984370199,0.5320118758560006
93,don't travel,17,0.3690651910959714,0.5320118758560006
20,What should I be careful with when travelling?,17,0.6581775227950399,0.5320118758560006
21,I have come back from travelling and I am not sure what to do?,18,0.48195407973835985,0.4819540797383599
626,I'm coming back from a trip. What should I do?,18,0.4819540797383599,0.4819540797383599
22,what should I do as one of my employees are sick?,19,0.38816317165776115,0.38816317165776115
271,What can I do if one of my employees has been infected?,19,0.38816317165776115,0.38816317165776115
533,what can i do if an employee is refusing to work,20,0.5065048252134481,0.4454564931003924
42,does my employees have the right to refuse working because of COVID 19,20,0.38998739013532346,0.4454564931003924
23,what are my rights when an employee refuses to work because of the virus?,20,0.37194455755623196,0.4454564931003924
645,"What are my rights, if one of my employees refuses to come to work because of coronavirus?",20,0.5133891994965663,0.4454564931003924
1000,Can you make employees travel for work during corona virus?,21,0.44607872446551,0.44607872446551
24,Can an employee say no to travelling for work because of the corona?,21,0.44607872446551,0.44607872446551
44,can my employees reschedule their vacation because of covid 19?,22,0.3666779124995609,0.3666779124995609
25,can we reschedule a vacation for an employee due to the corona virus?,22,0.3666779124995609,0.3666779124995609
601,I have been close to a person with Corona what do I do?,23,0.5713358188351706,0.5644667229817036
694,How coronavirus transmits from person to person?,23,0.511728285611331,0.5644667229817036
27,what should a person do when under quaranteen?,23,0.6103360644986093,0.5644667229817036
28,ho can I get in touch with you fast?,24,0.9362703663910922,0.7495781149867105
669,Someone in my team doesn't want to go to work because of the pandemic. What can I do?,24,0.69667830621501,0.7495781149867105
687,Schools are closed and someone in my team has no one to take care of his daughter. Can I do anything about it?,24,0.7423329275890234,0.7495781149867105
663,what can I do if someone in my team gets the virus?,24,0.6230308597517161,0.7495781149867105
29,we can we not meet up in crowds?,25,0.0,0.0
31,Is there anyhting I can do to prevent spread of the virus during my party?,26,0.0,0.0
32,what is the government recommending?,27,0.24506356334703663,0.3267514177960488
48,what are the government recommendation in denmark? ,27,0.4901271266940733,0.3267514177960488
869,what does the government recommend to do?,27,0.24506356334703663,0.3267514177960488
1013,Can you still get surgery during corona virus?,28,0.4760784932331196,0.4760784932331196
34,who is at risk of getting corona virus?,28,0.4760784932331196,0.4760784932331196
36,am I at risk if I am preganant and get corona?,29,1.1102230246251565e-16,1.1102230246251565e-16
512,Can I visit my grandma in the care center ,30,0.8150505631504383,0.8264705732448501
37,what are the chances for a kid with corona to die?,30,0.8792037771634411,0.8264705732448501
1019,Can I visit my older relatives during corona?,30,0.7852689693725239,0.8264705732448501
245,who is allowed to cross the borders? what if I'm just going on a short visit to my mom?,30,0.8263589832929967,0.8264705732448501
38,should I wear a mask every time I go out?,31,5.551115123125783e-17,5.551115123125783e-17
774,Is it possible to get infected with coronavirus with food?,32,0.26007036483164847,0.368994068409201
39,is is possible to get infected with corona if i go swimming?,32,0.6795114214939887,0.368994068409201
396,Is it possible to get infected through food?,32,0.27632412247951843,0.368994068409201
476,Is it possible to get infected with Coronavirus through food?,32,0.26007036483164847,0.368994068409201
315,How can I prevent to be infected?,33,0.43777023059912146,0.41578096127211117
215,how can i prevent getting infected,33,0.235381800152555,0.41578096127211117
616,how do i prevent my employees from getting infected,33,0.3984456129146788,0.41578096127211117
55,how can I prevent getting infected with coronavirus?,33,0.3535454832789339,0.41578096127211117
40,how can i prevent getting corona while travelling?,33,0.6537616794152667,0.41578096127211117
41,what should my direct report do if he is infected with corona virus?,34,0.6406921530136321,0.6406921530136321
374,What can be done at home to minimize the risk of being infected with the virus?,34,0.6406921530136321,0.6406921530136321
674,Can any of my workers refuse to travel during the pandemic?,35,0.7887380118670281,0.5242847022205104
43,are my employees allowed to refuse travelling because of corona?,35,0.5767640931049078,0.5242847022205104
535,can my employee refuse to travel?,35,0.32129245271016904,0.5242847022205104
738,Can my employee refuse to travel because of coronavirus?,35,0.3602411792781326,0.5242847022205104
275,Can an employee refuse to travel due to Coronavirus?,35,0.5074150197459626,0.5242847022205104
531,Is ok for an employee to refuse to travel ,35,0.591257456616862,0.5242847022205104
255,"my employees are home with their kids these days and that clearly shows on their work, what can I do so it doesn't ruin my business?",36,0.5053187958084261,0.5053187958084261
45,what if my employees can't work because their kids are at home,36,0.5053187958084261,0.5053187958084261
46,"if one my employees has corona, does he have to work from home",37,5.551115123125783e-17,5.551115123125783e-17
47,what's the phone number where i can find more information about corona,38,0.0,0.0
49,are there any rules when arranging a meeting? ,39,0.7138734241441312,0.6892717450270271
1048,What are the rules for using the metro?,39,0.7253628907181691,0.6892717450270271
990,What are the office rules for coronavirus?,39,0.6845979490848263,0.6892717450270271
1034,Rules for gatherings,39,0.6332527161609822,0.6892717450270271
365,"Which rules do I have to follow, when returning from a foreign country?",40,0.6161112605872886,0.5613455586485628
50,what are the rules to follow when scheduling a meeting? ,40,0.5650367073906877,0.5613455586485628
63,what are the rules to follow in public? ,40,0.5028887079677125,0.5613455586485628
51,what should i do after getting back home from another country? ,41,0.30968293620188897,0.30968293620188897
85,What do I need to do if I'm coming back home from another country?,41,0.30968293620188897,0.30968293620188897
378,I am an employer. How do I protect my employees?,42,0.31171051627242663,0.31171051627242663
73,what is the employer supposed to do to protect the employees? ,42,0.31171051627242663,0.31171051627242663
52,what is the employer supposed to do to protect the employees? ,42,0.31171051627242663,0.31171051627242663
556,If I am an employer how can I protect my employees? ,42,0.31171051627242663,0.31171051627242663
784,What is the definition of coronavirus?,43,0.8661743945790997,0.8880178477055052
436,Is tehre anything in particular I can do as a citizen to help coronavirus pass faster?,43,0.9166538598117692,0.8880178477055052
65,my friend was confirmed with coronavirus. what should I do? ,43,0.8886386143367259,0.8880178477055052
1009,Is coronavirus bas for children?,43,0.8835669436271641,0.8880178477055052
187,can an eomployee fefuse to travel because of coronavirus,43,0.8958193781550141,0.8880178477055052
53,can i take an action to minimize the spead of coronavirus? ,43,0.8990973488496629,0.8880178477055052
975,What are the statistics about coronavirus?,43,0.8661743945790997,0.8880178477055052
787,When should i go to the doctor?,44,0.12992851126802682,0.24468350087122628
439,When can I go to the doctor?,44,0.12992851126802682,0.24468350087122628
485,What symptoms do you have to have before you go to a medical doctor ,44,0.7728379285484483,0.24468350087122628
849,When do I have to go to the doctor?,44,0.12992851126802682,0.24468350087122628
316,When should I go to the doctor?,44,0.12992851126802682,0.24468350087122628
994,Do I go to the doctor if I have corona? ,44,0.40505901081320095,0.24468350087122628
606,Should I go to the doctor?,44,0.12992851126802682,0.24468350087122628
56,when should I go to the doctor+,44,0.12992851126802682,0.24468350087122628
57,what is the current number of cases in the world?,45,0.0,0.0
108,Status of COVID-19,46,0.3126484514523929,0.31264845145239284
58,what's the current status of covid 19? ,46,0.31264845145239284,0.31264845145239284
59,how will covid 19 be stopped?,47,0.3750393743139804,0.3750393743139804
438,How do I stop myself from getting coronavirus?,47,0.3750393743139804,0.3750393743139804
60,can anyone be tested for corona`,48,0.0,0.0
875,i'm low risk but am i still in danger?,49,0.7114412736830974,0.780876489095494
61,how dangerous is coronvirus?,49,0.7385287081169986,0.780876489095494
492,Is it dangerous to go swimming in a public bathroom ,49,0.7695571688507946,0.780876489095494
153,Will I still be able to have my hip replacement?,49,0.9039788057310855,0.780876489095494
62,what are the heath authorities recommendations in denmark? ,50,0.0,0.0
66,should I do anything if my dog has coronavirus,51,0.0,0.0
836,How does coronavirus compare to Influenza?,52,0.6934068734992233,0.5431102861451668
547,Are coronavirus and influenza the same virus?,52,0.49000811756703677,0.5431102861451668
697,Is coronavirus equal to Influenza?,52,0.6745854722549468,0.5431102861451668
803,Is coronavirus same as influenza?,52,0.30507707877337675,0.5431102861451668
67,are there any resemblances between coronavirus and influenza?  ,52,0.6934068734992234,0.5431102861451668
355,is coronavirus the same that influenza?,52,0.30507707877337675,0.5431102861451668
362,are Covid-19 and influenza the same?,52,0.640210508648983,0.5431102861451668
350,What are the symptoms for Coronavirus?,53,0.1318969371596762,0.1978454057395143
810,What are the symptoms of coronavirus?,53,0.1318969371596762,0.1978454057395143
68,what are symptoms of coronavirus infection? ,53,0.3956908114790287,0.1978454057395143
74,what are coronavirus symptoms? _,53,0.1318969371596762,0.1978454057395143
311,Can I get infected more than once?,54,0.26109931275354487,0.44550951579411835
69,how can i get infected with Coronavirus? ,54,0.40058756808462204,0.44550951579411835
147,how do i get it?,54,0.6542443072914362,0.44550951579411835
676,How do you get infected by Corona ,54,0.522084560649218,0.44550951579411835
478,Can I get infected more than once with coronavirus?,54,0.40058756808462204,0.44550951579411835
638,What can I do at home not to get infected?,54,0.6188639809418399,0.44550951579411835
786,What can i do to not get infected?,54,0.26109931275354487,0.44550951579411835
70,is there a treatment for coronavirus,55,0.0,0.0
695,What is the treatment for coronavirus?,55,0.0,0.0
819,What is a pandemic exactly?,56,0.35580298951420214,0.35580298951420214
71,what is exactly coronavirus? ,56,0.35580298951420214,0.35580298951420214
75,what should I do if I got infected with covid-19?_,57,0.4043835095070542,0.4043835095070542
587,How many people got the Covid 19?,57,0.4043835095070542,0.4043835095070542
76,where can I find info about coronavirus? _,58,0.33708546935211897,0.33708546935211897
702,What info about coronavirus you have?,58,0.33708546935211897,0.33708546935211897
77,what is the phone number for coronavirus hotline? _,59,0.16900311639094717,0.16900311639094717
1004,What is the coronavirus phone number? What is the coronavirus hotline number,59,0.1690031163909472,0.16900311639094717
214,what can i do if i am not in the known risk groups,60,0.6600905502658418,0.583096602835963
79,What should I do if I'm in an at risk group?,60,0.353141140727009,0.583096602835963
603,I'm not in any risk group. Should I do anything?,60,0.5951910232366866,0.583096602835963
602,"If I am in the risk group, what I shall do to protect myself?",60,0.6805578993181238,0.583096602835963
612,I've seen I'm in a risk group. what should I do?,60,0.6728652011815383,0.583096602835963
1006,What are the risk groups for COVID-19? ,60,0.5367338022865785,0.583096602835963
80,Should I be isolating if I am pregnant?,61,0.0,0.0
81,What is the risk to my children?,62,0.16505892432287345,0.26409427891659754
607,Are children at higher risk of Coronavirus?,62,0.6602356972914938,0.26409427891659754
107,Are children at risk from this?,62,0.16505892432287345,0.26409427891659754
756,Does my children are in risk?,62,0.16505892432287345,0.26409427891659754
325,are children at risk?,62,0.16505892432287345,0.26409427891659754
82,Should we be wearing N95 masks to protect us?,63,0.0,0.0
142,Is it safe to swim during the Coronavirus outbreak?,64,0.3982503615133828,0.3982503615133828
83,Is it safe to go swimming?,64,0.3982503615133827,0.3982503615133828
84,What do I need to do if I'm going away?,65,5.551115123125783e-17,5.551115123125783e-17
86,Shoot it,66,0.48760452404593313,0.48760452404593313
104,make sure to shoot them all afterwards,66,0.4876045240459331,0.48760452404593313
1045,can I get in touch with a human?,67,0.40286559948950823,0.40286559948950823
87,all humans,67,0.40286559948950823,0.40286559948950823
88,send thoughts and prayers,68,0.0,0.0
92,yes,69,0.1846185603096351,0.29538969649541613
98,yes,69,0.1846185603096351,0.29538969649541613
120,Yes,69,0.1846185603096351,0.29538969649541613
148,yes,69,0.1846185603096351,0.29538969649541613
90,"yes, as their parents WILL die",69,0.7384742412385403,0.29538969649541613
145,whomsulbetest,70,0.9164083554114898,0.8700406795581127
91,not unless it's halloween,70,0.9164083554114898,0.8700406795581127
229,"i'm having a baby, should I be worried?",70,0.8004891657780471,0.8700406795581127
144,watadarastage,70,0.9164083554114898,0.8700406795581127
615,I'm expecting a baby. what can I do?,70,0.8004891657780472,0.8700406795581127
105,pray,71,0.0,0.0
94,pray,71,0.0,0.0
96,fire them immediately.,72,0.0,0.0
95,fire them immediately.,72,0.0,0.0
99,fire them,73,0.0,0.0
100,fire them,73,0.0,0.0
546,i want to call a coronavirus hotline,74,0.31305979813469426,0.31305979813469426
101,can i call a hotline,74,0.31305979813469426,0.31305979813469426
102,because they have seen thousands of deaths,75,0.0,0.0
961,How are we making sure the virus doesn’t not spread?,76,0.44097677356966763,0.36804251510335706
103,make sure not to do this,76,0.28009275750232515,0.36804251510335706
723,how do i make sure i don't get infected,76,0.3830580142380784,0.36804251510335706
106,What should I do if I am pregnant?,77,0.2040215264682599,0.3563656887080216
220,what do i do if being pregnant?,77,0.2040215264682599,0.3563656887080216
709,How should I behave if I am pregnant,77,0.676973009591024,0.3563656887080216
332,"I'm pregnant, what are my precautions?",77,0.6451350167840658,0.3563656887080216
753,What to do if i am pregnant?,77,0.2040215264682599,0.3563656887080216
324,What can I do if I am pregnant?,77,0.2040215264682599,0.3563656887080216
109,What is the current strategy,78,0.1268308519681138,0.19024627795217075
303,What is the current strategy for COVID-19?,78,0.3804925559043415,0.19024627795217075
403,What is the current strategy?,78,0.1268308519681138,0.19024627795217075
572,what is the current strategy,78,0.1268308519681138,0.19024627795217075
833,Can Employees Refuse To Travel Out Of Fear Of Contracting coronavirus?,79,0.442471344209321,0.442471344209321
111,How fearful should I be of Coronavirus?,79,0.442471344209321,0.442471344209321
314,What are the Health Authority recommendations?,80,0.10626337867222034,0.17710563112036717
480,What are the recommendations of Health Authority?,80,0.10626337867222034,0.17710563112036717
208,what are the recommendations by the authorities,80,0.5313168933611014,0.17710563112036717
112,What are the recommendations of our health authorities?,80,0.10626337867222034,0.17710563112036717
460,What does the health authority recommend?,80,0.10626337867222034,0.17710563112036717
778,What Health authorities recommends?,80,0.10626337867222034,0.17710563112036717
589,How should I behave in public?,81,0.23818586679265968,0.23818586679265968
113,How should I behave when I’m with other people in public?,81,0.2381858667926597,0.23818586679265968
114,Steps I should take when I contract the virus,82,0.0,0.0
115,When I’ve been in contact with somebody who has the virus what should I do?,83,0.0,0.0
116,What are my responsibilities as an employer when responding to this crisis?,84,0.7919660054647844,0.7858658540580667
181,can i still use publictransport,84,0.8656593089378846,0.7858658540580667
647,can I use the tube during the coronavirus crisis?,84,0.6935751299447237,0.7858658540580667
678,Can booked vacations be modified during the crisis?,84,0.7922629718848746,0.7858658540580667
555,what can i do to decrease the spread of the virus during my gathering,85,0.6010079152195588,0.6010079152195589
117,As a conscious resident of the U.S. how can I mitigate the spread of the virus?,85,0.6010079152195589,0.6010079152195589
118,What is total number of deaths due to Corona virus?,86,0.0,0.0
431,"I've just returned from [country], is there anything special I should be aware of or something I should do?",87,0.7523470395020518,0.7433524528174665
119,Which country has the most number of casualties due to Corona virus?,87,0.7390198801111683,0.7433524528174665
239,what do I need to do when I retun from a nother country ,87,0.7386904388391798,0.7433524528174665
683,What do the doctors do to people with Corona ,88,0.38481607985150657,0.38481607985150657
121,what do the doctors do if i have it?,88,0.38481607985150657,0.38481607985150657
463,What do you know about coronavirus?,89,0.3799671107304998,0.3799671107304998
122,Do you want to know what Coronavirus is?,89,0.3799671107304998,0.3799671107304998
140,What is the likelihood my children will contract Coronavirus?,90,0.0,0.0
493,I have to travel how do I protect myself ,91,0.5582208486049743,0.5391105519385241
604,How can I protect myself?,91,0.3783696859891753,0.5391105519385241
594,How can protected myself and not get infected? ,91,0.5862928911738886,0.5391105519385241
141,Do masks protect me from the Coronavirus?,91,0.6335587819860578,0.5391105519385241
143,ma name jef,92,0.0,0.0
146,really much,93,0.0,0.0
892,but i like to swim in the pool,94,0.39776031718051325,0.3977603171805133
150,Am I at risk for Corona at a swimming pool?,94,0.3977603171805133,0.3977603171805133
151,What do I need to do to be safe while traveling?,95,0.45429146185910046,0.45429146185910046
613,What shall I do if I need to travel?,95,0.45429146185910046,0.45429146185910046
152,Do I need to tell a doctor or health care provider if I just came back from France?,96,0.0,0.0
154,What's stores are closed?,97,0.2867427476849465,0.28674274768494645
630,what stores are closed during the pandemic?,97,0.28674274768494634,0.28674274768494645
156,Is it safe to go to the grocery store?,98,0.3419267291642176,0.3419267291642176
413,Can I still go to the grocery store?,98,0.3419267291642176,0.3419267291642176
474,Is there a curfew?,99,1.3877787807814457e-17,1.3877787807814457e-17
178,is there a curfew,99,1.3877787807814457e-17,1.3877787807814457e-17
521,is there a curfew,99,1.3877787807814457e-17,1.3877787807814457e-17
768,Is there a curfew now?,99,1.3877787807814457e-17,1.3877787807814457e-17
802,Is a curfew on?,99,1.3877787807814457e-17,1.3877787807814457e-17
157,When is curfew?,99,1.3877787807814457e-17,1.3877787807814457e-17
415,Is the border effectively closed now or can people still cross?,100,0.813238305199878,0.39701947303372326
631,Are borders closed? ,100,0.21039112402129675,0.39701947303372326
371,I have a question regarding the close down of the border?,100,0.7686624311992537,0.39701947303372326
179,are the borders closed,100,0.21039112402129675,0.39701947303372326
770,Which borders are closed?,100,0.21039112402129675,0.39701947303372326
857,did the government close the borders?,100,0.5422994277641706,0.39701947303372326
158,Is the border closed?,100,0.21039112402129675,0.39701947303372326
262,Is the border closed?,100,0.21039112402129675,0.39701947303372326
246,am I still allowed to visit my grandparents at their house or retirement home,101,0.5818214835039294,0.38788098900261964
524,can i still visit my grandparents ,101,0.29091074175196474,0.38788098900261964
159,Can I still visit my grandparents?,101,0.29091074175196474,0.38788098900261964
160,Is it safe to take the bus?,102,0.6692428037947107,0.6748217465215185
264,What is the bus frequency during COVID-19?,102,0.7022145136707778,0.6748217465215185
815,what should i do if i travel by bus every day,102,0.6787715301750691,0.6748217465215185
1041,What's the problem of traveling by bus?,102,0.6490581384455167,0.6748217465215185
996,What to tell my kids about coronavirus?,103,0.28109439061329217,0.28109439061329217
162,Should I tell my kid about corona?,103,0.28109439061329217,0.28109439061329217
163,How can I continue my education during the pandemic?,104,0.0,0.0
434,"I've shaken hands with someone who is Coronavirus positive, what should I do?",105,0.7129444283336517,0.6970813830786106
843,What to do if you were potentially exposed to someone with coronavirus?,105,0.7026389679192047,0.6970813830786106
164,What are the signs someone has coronavirus?,105,0.6756607529829755,0.6970813830786106
261,what is the point of the government not allowing big gatherings over 50 when 49 people is bad enough?,106,0.7796731305831053,0.7576751083285688
165,i would like to get hold of the hotline,106,0.7967179294031325,0.7576751083285688
696,I was preparing like a big meeting. what should I do?,106,0.6966342649994683,0.7576751083285688
166,Is coronavirus so serious? How worried should I be?,107,0.0,0.0
167,How long does it take for me to feel sick after I catch coronavirus?,108,0.0,0.0
763,What a pandemic mean?,109,0.15885347017606208,0.23828020526409313
655,What does pandemic means ,109,0.15885347017606208,0.23828020526409313
168,What does it mean when it says pandemic?,109,0.47656041052818626,0.23828020526409313
346,What does pandemic mean?,109,0.15885347017606208,0.23828020526409313
169,How often do people die from coronavirus?,110,1.1102230246251565e-16,1.1102230246251565e-16
170,Can I catch coronavirus from eating takeout?,111,0.7228946729347863,0.7201707282447503
854,can i catch it if i speak to someone?,111,0.7111167144160621,0.7201707282447503
888,i'm 28 am i gonna catch it,111,0.7265007973834023,0.7201707282447503
964,Can animals catch the virus?,112,0.5092375866894155,0.5092375866894154
171,Can my dog catch the virus?,112,0.5092375866894154,0.5092375866894154
172,"If someone has gotten the virus, can they catch it again?",113,0.45501978381165753,0.4550197838116576
966,How many people has gotten the virus ,113,0.45501978381165764,0.4550197838116576
174,Send me information on corona virus,114,0.0,0.0
1011,What to do if I have to travel during corona virus!,115,0.5329133379741188,0.42434671387118894
536,What is the corona virus?,115,0.28248412191439587,0.42434671387118894
968,Is corona a virus?,115,0.28248412191439587,0.42434671387118894
175,what is the status on corona virus,115,0.5995052736818451,0.42434671387118894
176,what do i do if my kid is sick,116,0.0,0.0
519,my kid is sick.. what should i do,116,0.0,0.0
707,can I still go out of home?,117,0.6549013999094434,0.5366448448331077
243,am I still allowed to go groceri shopping,117,0.5775689193515596,0.5366448448331077
177,can i still go shopping,117,0.3758771382168289,0.5366448448331077
369,Is it OK to still go shopping?,117,0.5382319218545989,0.5366448448331077
180,can i still visit elderly in their home ,118,0.3658763115283824,0.3658763115283824
876,can i still visit elderly family,118,0.3658763115283824,0.3658763115283824
182,how can i reduce risk at home,119,0.0,0.0
183,how can i teach my child about covid19,120,0.1915586627048609,0.1915586627048609
518,How do I teach my child about Corona ,120,0.1915586627048609,0.1915586627048609
184,i would like information for students during the pandemi,121,0.0,0.0
734,What to do if my employee is infected?,122,0.3919662854361646,0.39196628543616463
185,what do i do as an employer if an employee is infected,122,0.39196628543616463,0.39196628543616463
186,what can i do as an employer if one of my staff refuses to go to work,123,0.438765565737081,0.438765565737081
190,what do i do as an employer if one of staff is in querantine,123,0.438765565737081,0.438765565737081
188,can agreed vacation be changed if an employee cant take vacation due to coronavirus,124,0.5182820139228763,0.4028241846551646
280,Can an employee change vacation due to Coronavirus?,124,0.2710152865885407,0.4028241846551646
741,Does my vacation will changed due to coronavirus?,124,0.37166649257041745,0.4028241846551646
539,can i change my employee's vacation to now?,124,0.45033294553882397,0.4028241846551646
191,why is the government saying larger events has to be cancelled?,125,0.0,0.0
798,What kinds of surgeries are postponed for the future?,126,0.49662053994161065,0.39919737098418273
432,"I was scheduled to have rhinoplasty, are those kinds of surgeries postponed?",126,0.5730503384708959,0.39919737098418273
194,what kind of surgery is being postponed,126,0.26355930276211215,0.39919737098418273
516,what kinds of surgeries are being postponed,126,0.26355930276211215,0.39919737098418273
682,are electronic stores closed due to coronavirus,127,0.44030671946489064,0.44030671946489064
195,what kind of stores are closed due to covid19,127,0.44030671946489064,0.44030671946489064
649,what is the coronavirus,128,0.0,0.0
357,What is coronavirus?,128,0.0,0.0
704,What is coronavirus?,128,0.0,0.0
196,what is coronavirus,128,0.0,0.0
198,what kind of symptomps do you have if infected by covis19,129,0.6280372345992371,0.6280372345992371
995,Do I need to wash my produce? What kind of disinfectant works against corona virus?,129,0.6280372345992371,0.6280372345992371
199,how does coronavirus infect?,130,0.5267132980010456,0.5267132980010456
600,Who is at risk of getting infected and suffering from coronavirus?,130,0.5267132980010456,0.5267132980010456
200,how scared should i be for coronavirus,131,0.32566281365965943,0.2988186871864174
448,How scared should I be of corona?,131,0.3475066726663511,0.2988186871864174
963,Should I be scared?,131,0.22328657523324177,0.2988186871864174
201,how long time does it take before i get infected until it is shown in a test?,132,0.0,0.0
202,what is a pandemi?,133,0.44585592956539377,0.44585592956539377
298,what is the status on the pandemi worldwide,133,0.44585592956539377,0.44585592956539377
913,so do i need to wipe all doorknobs?_,134,0.9231690199098372,0.8704580011798706
203,how highg is the mortality with covid19,134,0.9505805745961202,0.8704580011798706
268,I'm an event organizer. How should I react or plan?,134,0.8658649409160338,0.8704580011798706
312,"As an event organizer, what actions do I need to take?",134,0.7241697245377954,0.8704580011798706
731,"im young and healthy, but should i take any precautions",134,0.906074554859116,0.8704580011798706
934,"when out there in the street, what are the recommended actions to take?",134,0.8528891922603209,0.8704580011798706
579,Can I get the virus from the food I eat?,135,0.26583238261154063,0.26583238261154063
204,can i get infected eating food?,135,0.26583238261154063,0.26583238261154063
983,Can pets get the corona virus? ,136,0.31518919207061213,0.2829112073000352
205,can pets get infected by the virus?,136,0.32294535244885336,0.2829112073000352
581,Can pets get the virus?,136,0.21059907738064007,0.2829112073000352
206,can a person get the infection more than one time?,137,5.551115123125783e-17,5.551115123125783e-17
207,how many people are infected with coronvirus ,138,0.0,0.0
209,i would like to get recommendations on how to behave in the public,139,0.0,0.0
860,does my family need to get tested? ,140,0.4554360802780741,0.45543608027807414
211,what do i do if a person in my family is tested positive for covid19,140,0.4554360802780742,0.45543608027807414
212,how do I as an employer protect my staff,141,0.0,0.0
783,What can i do to minimise the spread of corona?,142,0.379306677075511,0.379306677075511
213,how can I as an citizen minimise the spread of the virus,142,0.379306677075511,0.379306677075511
216,when should i see my doctor?,143,0.20100042593307055,0.2680005679107607
499,should i see a doctor,143,0.20100042593307055,0.2680005679107607
595,If I get sick when I should see a doctor?,143,0.40200085186614104,0.2680005679107607
217,what do i do with my pet if i am tested positive?,144,0.1795644602712056,0.2577796889259242
440,I've tested positive for corona. What should I do about my pet?,144,0.24487333909537182,0.2577796889259242
237,what do i do with my pet if I am tested positive?,144,0.1795644602712056,0.2577796889259242
317,What can I do with my pet if I have tested positive for Coronavirus?,144,0.3045642500104051,0.2577796889259242
486,What do I do about my pet when tested positive for Corona virus ,144,0.3803319349814329,0.2577796889259242
218,who is at risk getting the virus and hence become sick?,145,0.46002438285484304,0.46002438285484304
969,How long is the period from getting the virus to becoming sick?_,145,0.46002438285484304,0.46002438285484304
221,are kids in a high risk getting infected?,146,5.551115123125783e-17,5.551115123125783e-17
222,am i supposed to wear a mask?,147,0.0,0.0
508,am i supposed to wear a mask,147,0.0,0.0
236,If I swim in a public swimming pool am I then puttingmyself at risk,148,0.5379641708423182,0.4727967034792667
353,"Am I exposed for infections, if i swim in a public pool",148,0.5334012012230478,0.4727967034792667
223,am I at risk to get infected swimming in a public pool?,148,0.35538392684817727,0.4727967034792667
611,Can I get infected in the swimming pool?,148,0.46443751500352354,0.4727967034792667
224,what precautions should i make if travelling,149,0.0,0.0
225,What should I do if i'm a person who is more vulnerable than others,150,0.0,0.0
334,What can I do if I am returning from travelling abroad?,151,0.23149506556690633,0.2314950655669063
226,what do I do if i am returning from abroad?,151,0.23149506556690627,0.2314950655669063
388,Is the corona outbreak equal to the flu?,152,0.765520991838012,0.7531269457031441
227,wht is the current startegy?,152,0.8063987699150105,0.7531269457031441
406,What is the current knowledge around the corona outbreak?,152,0.6874610753564095,0.7531269457031441
977,Who gets tested for the coronavirus?,153,0.367738623498619,0.28203749599056027
330,who should get tested,153,0.18024609108111272,0.28203749599056027
228,who should get a test?,153,0.18024609108111272,0.28203749599056027
878,should i get tested for corona? ,153,0.39991917830139667,0.28203749599056027
698,What are the latest news on Coronavirus?,154,0.26367760340405105,0.34908529163773794
718,"latest news, please",154,0.5990073092639807,0.34908529163773794
389,The latest news re the outbreak,154,0.5301380781451638,0.34908529163773794
804,What are the latest news about coronavirus?,154,0.26367760340405105,0.34908529163773794
230,what are the latest news about covid19?,154,0.18810160208330962,0.34908529163773794
846,what are the latest covid-19 news,154,0.4619961269550112,0.34908529163773794
668,what is the latest news,154,0.18810160208330962,0.34908529163773794
301,Latest news on Coronavirus,154,0.26367760340405105,0.34908529163773794
673,What’s the latest news about Corona ,154,0.3833900959967136,0.34908529163773794
231,are kids also part of the group of people more vulnerable to corona?,155,0.0,0.0
232,what is the latest status on covid19?,156,0.42570988630392437,0.42570988630392437
297,give me the latest status from my country,156,0.42570988630392437,0.42570988630392437
234,how is covid19 treated?,157,0.28687598993745067,0.4300944378031401
387,how is the disease treated,157,0.6019335755275477,0.4300944378031401
664,how to treat covid19,157,0.28687598993745067,0.4300944378031401
471,How does the virus get treated?,157,0.5446921958101115,0.4300944378031401
235,is covid19 the same as a normal flu?,158,0.3356463118345008,0.33564631183450083
958,Is corona different from a normal flu?,158,0.3356463118345009,0.33564631183450083
238,"i'm going travelling, do I need to take any precautions?",159,0.0,0.0
331,What precautions do I need to take if I am going travelling?,159,0.0,0.0
495,What sorts of operations has been postponed due to Corona ,160,0.5752826344700201,0.5752826344700201
240,"i'm supposed to go into surgery next week, what operations have been postponed sofar?",160,0.5752826344700201,0.5752826344700201
241,which shops are closed these days?,161,0.0,0.0
941,I am with child and don’t know what to do ,162,0.33034974219917185,0.33034974219917185
242,"my child is sick, how do I know if it is corona?",162,0.33034974219917185,0.33034974219917185
247,is it a bad idea to use public transport,163,0.0,0.0
248,what can I do at home to minimize the risk of getting sick,164,0.0,0.0
249,"my child is only 2 years old, how do I teach him to behave properly during corona",165,0.0,0.0
250,"i am a student, how will you advice me in these times?",166,0.0,0.0
273,What can I do if one of my employees is refusing to work due to COVID-19?,167,0.4267458369384625,0.4267458369384626
252,"one of my employees are refusing to work due to fear of getting sick, can I fire him?",167,0.4267458369384626,0.4267458369384626
253,"one of my guys refuses to go abroad, can he refuse to do that?",168,0.0,0.0
254,can holiday plans be changed due to corona?,169,0.3421355992432358,0.3421355992432358
534,Can you change your holiday because of Corona ,169,0.3421355992432358,0.3421355992432358
545,What do I have to do for an employee in  quarantine ,170,0.25625678778850214,0.3416757170513362
256,"my employee is under quarantine, what now?",170,0.25625678778850214,0.3416757170513362
1003,What do I about my employees that are in quarantine? Can they still work? ,170,0.5125135755770044,0.3416757170513362
257,i'd rather talk to a doctor,171,0.0,0.0
737,What can I do if my child gets sick?,172,0.16100833492729638,0.21467777990306183
258,What can I do if my child is sick?,172,0.3220166698545927,0.21467777990306183
501,What do I do if my child gets sick ,172,0.16100833492729638,0.21467777990306183
636,Can I do the grocery shopping?,173,0.5295045130698923,0.5295045130698923
259,Can I purchase groceries?,173,0.5295045130698923,0.5295045130698923
260,Is there a curfew in effect?,174,0.3562043396998039,0.3562043396998039
414,Is there a curfew in effect and at what hours?,174,0.356204339699804,0.3562043396998039
793,Can i go to visit elderly people?,175,0.3884072574017539,0.4237787371726994
643,Can I visit my elders?,175,0.40412234625139803,0.4237787371726994
263,Can I visit elderly people?,175,0.2798989377676117,0.4237787371726994
632,Is it safe to visit elderly people in their homes or carehouses?,175,0.622686407270034,0.4237787371726994
805,What shall I do at my home to decrease the risk of contracting coronavirus?,176,0.4563962339885621,0.4563962339885621
265,Do I need to take some special actions at home to decrease the risk of contracting COVID-19?,176,0.4563962339885621,0.4563962339885621
269,"I am a event manager for a night club in cph with the new rules, can i then arrange club nigths?",177,0.0,0.0
270,What are the recommendations for the students during COVID-19?,178,0.43568454408792906,0.4356845440879291
661,As an student... what are the recommendations for me during the crisis?,178,0.43568454408792917,0.4356845440879291
552,how should i react if i'm arranging a gatering,179,0.6430080033318698,0.6430080033318699
272,I am arranging a gathering for 20 bridge game members. can I still go through with the event?,179,0.6430080033318699,0.6430080033318699
276,"I have started coughing, when should a call the doctor?",180,0.0,0.0
277,what should I do with my cat now that I'm sick with corona? Can I get it checked too?,181,0.0,0.0
278,who is especially prone to get sick,182,0.0,0.0
279,what do you as a chatbot know about corona that I can't read in the news?,183,0.0,0.0
281,How can I as a citizen do to minimize the spread of corona virus?,184,0.4009293120786329,0.4009293120786329
335,what can I do as a citizen to avoid spreading the virus,184,0.4009293120786329,0.4009293120786329
282,What can I do if an employee is unable to get anyone to care for their child?,185,0.0,0.0
385,"If I am infected by the virus, which symptoms will I then experience?",186,0.7383519113200214,0.5439874416687629
653,what the symptoms of the virus,186,0.5004880385606157,0.5439874416687629
283,what are the symptoms ,186,0.3650853975321724,0.5439874416687629
540,What are the symptoms of having the disease? ,186,0.7085634143158668,0.5439874416687629
671,What symptoms do you have when infected with Corona ,186,0.586350490751729,0.5439874416687629
955,What symptoms are there?,186,0.3650853975321724,0.5439874416687629
727,one of my employees have been put inder quarantine. now what,187,0.66663177096879,0.5174074163120767
284,What can I do if one of my employees is under quarantine?,187,0.3579164876822591,0.5174074163120767
376,"What do I do as an employer, when one of my employees is in quarantine",187,0.48866959068853977,0.5174074163120767
685,What is the procedure if one of my employees is under quarantine? ,187,0.5564118159087177,0.5174074163120767
285,I want to contact with a hotline,188,0.5150029407535105,0.39087998893983605
745,How can i contact the hotline?,188,0.21746246986619885,0.39087998893983605
720,can i contact a hotline,188,0.21746246986619885,0.39087998893983605
426,I'd like to contact the coronavirus hotline,188,0.5561976344817796,0.39087998893983605
1032,Contact ,188,0.6216919488051296,0.39087998893983605
472,Can I contact a hotline?,188,0.21746246986619885,0.39087998893983605
286,how does it infect people,189,0.2837368825985479,0.2837368825985479
571,can people get infected again,189,0.2837368825985479,0.2837368825985479
287,Why does the government recommend cancelling gatherings of people?,190,0.18472278480815338,0.18472278480815338
410,What's that about the government recommending the cancellation of gatherings?,190,0.18472278480815338,0.18472278480815338
288,what can I do if I am arranging a gathering of people?,191,0.3340669335123873,0.3340669335123873
289,What precautions can I take when arranging a gathering of people?,191,0.3340669335123873,0.3340669335123873
290,I'm sick. how can I treat corona from home,192,0.0,0.0
577,how should i act in public,193,0.324903906771599,0.4194942570032156
291,How can I act in public spaces?,193,0.4667894321190238,0.4194942570032156
779,How should I act in public places?,193,0.4667894321190238,0.4194942570032156
978,Is the coronavirus bad? ,194,0.4023841232790886,0.4023841232790886
292,is it the same as a bad flu? ,194,0.4023841232790886,0.4023841232790886
293,What can I do if I have fallen ill?,195,0.0,0.0
553,What shall I do if I was in contact with  a sick person?,196,0.4374804256455789,0.4374804256455789
294,What can I do if I have been in contact with an infected person for COVID-19?,196,0.4374804256455789,0.4374804256455789
782,How can i protect my employees?,197,0.0,0.0
295,What can I do to protect my employees?,197,0.0,0.0
435,What can I do to protect my employees?,197,0.0,0.0
482,How do I minimize the spread of Coronavirus,198,0.18478605363864578,0.2463814048515277
296,How can I minimize the spread of Coronavirus?,198,0.18478605363864578,0.2463814048515277
648,what can i do to minimize spreading the virus,198,0.36957210727729156,0.2463814048515277
299,what is the current strategy in my state,199,0.0,0.0
566,What can I do if I do not belong to any of risk groups,200,0.275178463940902,0.3669046185878693
300,Do I have to take some special measure if I don't belong any risk group?,200,0.5503569278818039,0.3669046185878693
847,What do I have to do if I don't belong to any of the risk groups?,200,0.275178463940902,0.3669046185878693
716,what is the status for the coronavirus outbreak,201,0.5250993155828277,0.339985463540938
806,What is the status of coronavirus?,201,0.22093892636613263,0.339985463540938
960,What is the status?,201,0.392964685848659,0.339985463540938
302,What is the status of Coronavirus?,201,0.22093892636613263,0.339985463540938
560,how afraid should i be,202,0.269934341868658,0.3563311184572797
305,How afraid should I be of Coronavirus?,202,0.34730486129136284,0.3563311184572797
646,How afraid do I have to be for the Corona virus ,202,0.4517541522118183,0.3563311184572797
306,What is the incubation period of COVID-19?,203,0.36071779252685165,0.3572780478743889
672,tell me about the incubation period,203,0.3948528505131324,0.3572780478743889
470,What is the incubation period of Coronavirus?,203,0.31626350058318253,0.3572780478743889
684,do you know what a pandemic is,204,0.6347023845886698,0.21156746152955663
307,What is a pandemic?,204,0.12694047691773397,0.21156746152955663
772,What is pandemic?,204,0.12694047691773397,0.21156746152955663
710,what is a pandemic,204,0.12694047691773397,0.21156746152955663
573,what is a pandemic?,204,0.12694047691773397,0.21156746152955663
1037,What is a pandemic?,204,0.12694047691773397,0.21156746152955663
475,What is the mortality rate of Coronavirus?,205,0.25682041788679705,0.3424272238490627
308,What is mortality rate of Coronavirus?,205,0.25682041788679705,0.3424272238490627
981,What is the mortality rate of the coronavirus? Is it worse than the flu?,205,0.5136408357735941,0.3424272238490627
309,Can I contract Coronavirus through food?,206,0.467910554259424,0.467910554259424
740,Is it possible to contract coronavirus more than once?,206,0.467910554259424,0.467910554259424
775,Can pets get infected by coronavirus?,207,0.2218470940517715,0.3327706410776573
477,Can pets get infected with Coronavirus?,207,0.2218470940517715,0.3327706410776573
677,can i take care of my pet if i get coronavirus,207,0.6655412821553145,0.3327706410776573
310,Can my pet get infected by Coronavirus?,207,0.2218470940517715,0.3327706410776573
837,how many infected?,208,0.38965399773166576,0.4878876579990527
313,How many have been infected by Coronavirus?,208,0.3442817717452873,0.4878876579990527
777,How many people have been infected with Coronavirus?,208,0.447183280564899,0.4878876579990527
574,how many have had coronavirus,208,0.5750408425360062,0.4878876579990527
586,How many people are infected by Corona in Denmark ,208,0.6976261222752036,0.4878876579990527
400,How many has been infected by the corona?,208,0.4735399331412543,0.4878876579990527
318,I'm not part of any known risk groups. What is my actions?,209,0.0,0.0
319,Who are especially at risk of infection?,210,0.0,0.0
852,What precautions should I take if I am part of a risk group?,211,0.5399599639133192,0.33078179852648265
329,How should I react if I'm part of the risk groups? ,211,0.5226514088197552,0.33078179852648265
791,What to do if i am a part of the risk group?,211,0.19709920663311298,0.33078179852648265
722,what should i do if i'm part of an at risk group,211,0.19709920663311298,0.33078179852648265
321,What can I do if I am a part of an at risk group?,211,0.19709920663311298,0.33078179852648265
322,What symptoms should I have before I visit my doctor?,212,0.0,0.0
323,How do I treat my pet if I get infected with the virus?,213,0.0,0.0
342,Are children are particularly prone to infection?,214,0.43824092402271947,0.4382409240227194
327,who are particularly prone to infection and subsequent illness?,214,0.4382409240227194,0.4382409240227194
758,Can i get infected if i go to swimming hall?,215,0.5439130550620952,0.3876661152695964
429,"If I go swimming, am I at risk of infection?",215,0.3527563839958866,0.3876661152695964
328,Am I at risk of infection if I go swimming in a swimming hall?,215,0.3012386380245172,0.3876661152695964
509,am a at risk of infection if i go swimming?,215,0.3527563839958866,0.3876661152695964
1002,What to do when employees have to stay with their kids? ,216,0.5154577453835666,0.5472530686047791
333,"even if people don't have their kids at home from next week, should I tell my employees to stay home?",216,0.6319512705131911,0.5472530686047791
899,"one of my employees has to stay home with the kids, do I fire him?",216,0.4943501899175793,0.5472530686047791
336,"i don't think I'm at risk, do I need to take any precautions?",217,0.0,0.0
337,I would like to know which surgeries have been postponed,218,0.45460305115503874,0.45460305115503874
820,What surgeries are postponed because of coronavirus?,218,0.45460305115503874,0.45460305115503874
338,what do the health authorities command,219,0.0,0.0
898,my colleague caught the virus shall i stay home?,220,0.7262397448449743,0.6168207564584884
339,"i can't stay home all day, what do I do out in public?",220,0.5401501075469463,0.6168207564584884
1017,Do I have to stay home after a certain time of day?,220,0.5840724169835446,0.6168207564584884
341,Which kinds of shops are closed due to Coronavirus?,221,0.0,0.0
656,how is it transmitted,222,0.30399289234422877,0.39797026182012335
466,How does the virus get transmitted?,222,0.6011741818426747,0.39797026182012335
542,How is the coronavirus transmitted?,222,0.27313262179621906,0.39797026182012335
343,How is Coronavirus transmitted?,222,0.27313262179621906,0.39797026182012335
386,How is the disease transmitted?,222,0.6632566313451794,0.39797026182012335
811,How can coronavirus be transmitted?,222,0.27313262179621906,0.39797026182012335
344,I was close to a person last week who now tells me she is sick woith corona. can I expect to be sick also?,223,7.850462293418876e-17,7.850462293418876e-17
544,How can the Covid 19 been treated?,224,0.0,0.0
345,How is Covid-19 treated?,224,0.0,0.0
347,"do I need to be scared? Trump isn't scared, why should I",225,0.0,0.0
349,can my pet pig get sick from corona?,226,0.0,0.0
351,can I get sick again from coronoa,227,0.0,0.0
352,how many in total has been sick with corona,228,0.4340292961104876,0.43402929611048763
985,How many people are sick of corona? ,228,0.4340292961104877,0.43402929611048763
354,how long does it take for the virus to have an effect in my body?,229,0.0,0.0
356,"I should I behave, if I'm travelling?",230,0.0,0.0
358,what is the difference between epidemi and pandemi,231,0.0,0.0
809,What do you know about covid-19?,232,0.0,0.0
359,what do we know about Covid-19?,232,0.0,0.0
454,What percentage of people die from coronavirus?,233,0.371283843779877,0.371283843779877
360,how many dies from corona. in percentage,233,0.371283843779877,0.371283843779877
361,can I get sick through food if I get my food delivered,234,0.41461856403052183,0.41461856403052183
982,Can you get corona virus from food?,234,0.41461856403052183,0.41461856403052183
363,what is it exactly and why do you get so sick?,235,0.0,0.0
364,i usually swim in a indoor swimming pool. Am I at risk,236,0.0,0.0
762,What type of surgeries has been postponed?,237,0.18144477584698884,0.24192636779598511
366,What are the types of surgeries that has been postponed?,237,0.18144477584698884,0.24192636779598511
617,What types of surgeries have been postponed by hospitals?,237,0.3628895516939777,0.24192636779598511
764,Which shops are closed due to corona?,238,0.0,0.0
367,Which shops are closed due to the corona?,238,0.0,0.0
368,What do I do if my child gets ill?,239,0.0,0.0
370,Has the curfew been set in place?,240,0.0,0.0
373,How can public transportation be used during the outbreak?,241,0.13165638681033975,0.13165638681033975
792,Can I use public transportation during the coronavirus outbreak?,241,0.13165638681033975,0.13165638681033975
377,I have the need for a hotline,242,0.40832919686712915,0.40832919686712915
686,What is coronavirus hotline?,242,0.40832919686712915,0.40832919686712915
379,How do I teach my child about the corona virus?,243,0.0,0.0
380,Where do I find info and recommendations for student during an outbreak?,244,0.30521467135729274,0.30521467135729274
641,How can I find recommendations for students during Coronavirus outbreak?,244,0.30521467135729274,0.30521467135729274
381,What of my employees (I'm the employer) has been affected by the virus. What to do?,245,0.7552184873282447,0.7478250677562742
957,Is there a cure for the virus?,245,0.739133552024958,0.7478250677562742
419,How can I speak to my children about the virus?,245,0.74912316391562,0.7478250677562742
382,"I'm employer. What is my rights, when an employee refuses to work due to the outbreak?",246,5.551115123125783e-17,5.551115123125783e-17
384,"An employee had planned her vacation, but she is not able to fulfill it due to the current corona situation. Can it be changed or rescheduled? ",247,0.0,0.0
390,what is the current situation for the corona outbreak?,248,0.35483710843548444,0.35483710843548444
453,What is current situation of Coronavirus? ,248,0.35483710843548444,0.35483710843548444
391,What are the recommendations for entering a public space?,249,0.0,0.0
392,What do I do if I get ill,250,0.0,0.0
598,What do I do if I am getting ill ,250,0.0,0.0
393,I have been close to a human who has been tested corona positive. What to do?,251,5.551115123125783e-17,5.551115123125783e-17
394,Please explain what pandemic is ,252,5.551115123125783e-17,5.551115123125783e-17
395,What is the mortality due to the outbreak?,253,0.0,0.0
397,Are pets susceptible to infection?,254,0.0,0.0
398,Is it likely to be infected twice?,255,0.0,0.0
401,What is the recommendations of the Board of Health?,256,0.4231024369512622,0.4231024369512622
986,What are the health recommendations for coronavirus?,256,0.4231024369512622,0.4231024369512622
1036,What do we know about corona?_,257,0.1654521802724528,0.24817827040867918
853,how do I know if I have Corona?,257,0.1654521802724528,0.24817827040867918
402,I need to know about the corona. What is it?,257,0.4963565408173584,0.24817827040867918
537,What do you know about the corona?,257,0.1654521802724528,0.24817827040867918
405,Do I need to be afraid of the outbreak?,258,0.0,0.0
407,What do I do with my dog if I got a positive corona test?,259,0.4008676886541359,0.4008676886541359
597,If I am tested positive for Coronavirus what shall I do with my dog?,259,0.40086768865413597,0.4008676886541359
408,can an employee be forced to travel for work during coronavirus,260,0.0,0.0
927,can employees re-schedule scheduled vacation?,261,0.4947545594717989,0.4582481356484083
658,Can my employee changed already scheduled vacation because of coronavirus,261,0.43900501182296603,0.4582481356484083
409,Can I change my vacation schedule due to coronavirus,261,0.44098483565045987,0.4582481356484083
411,"I'm arranging a party, is there something in particular I should do to prepare?",262,0.0,0.0
412,Which precautions should I take if I'm arranging a party?,263,0.0,0.0
416,Can I still visit my nan in her home?,264,1.1102230246251565e-16,1.1102230246251565e-16
1049,What are the rules for using the public transport?,265,0.41440351830614736,0.3383718095397045
526,what should i do if i use public transportation,265,0.21951852986004092,0.3383718095397045
513,Can I use public transport ,265,0.21951852986004092,0.3383718095397045
417,Is it fine if I use public transport?,265,0.5000466601325888,0.3383718095397045
813,What should students do during coronavirus?,266,0.48488164417718493,0.6410054610251211
420,"As a student, what can I do?",266,0.4244554509115181,0.6410054610251211
997,Are schools still open? What should I do as a student with coronavirus,266,0.7950512602548365,0.6410054610251211
523,I am a student what do I do about exams ,266,0.7391537397740574,0.6410054610251211
923,what am I supposed to do as a student?,266,0.6784052607962717,0.6410054610251211
733,If i am a student will i have classes?,266,0.7240854102368584,0.6410054610251211
826,How should I look after my child that is infected with coronavirus?,267,0.6254247952772943,0.6254247952772942
421,"One of my subordinates has been infected with Coronavirus, what should I do about that?",267,0.6254247952772942,0.6254247952772942
422,"One of my employees is saying that they're not coming to work because of the virus, what are my options?",268,0.46951835234376976,0.46951835234376976
754,What are my options is case my employee does not want to come to work due to coronavirus?,268,0.46951835234376976,0.46951835234376976
423,Can scheduled vacation be changed if an employee is prevented from taking their vacation due to travel restrictions and such?,269,0.0,0.0
425,"One of my employees has been quarantined as per the recommendation of the government/health services, what can I do?",270,0.0,0.0
427,Do I have to worry about my child contracting the virus?,271,0.0,0.0
428,"I see everyone wearing masks nowadays, is that something I should be doing?",272,0.0,0.0
430,Are there special precautions I have to take if I'm travelling abroad?,273,0.0,0.0
433,Which shops are still closed?,274,0.44285669400184247,0.35149167920606184
620,What shops are closed during Coronavirus pandemic?,274,0.5056043155289972,0.35149167920606184
517,which shops are closed?,274,0.2287528536467038,0.35149167920606184
721,which shops will close?,274,0.2287528536467038,0.35149167920606184
443,I'm 36 weeks pregnant. Is there anything I need to do?,275,5.551115123125783e-17,5.551115123125783e-17
444,"My child is sick, should I be doing something in particular?",276,0.0,0.0
445,What's teh status on corona?,277,0.0,0.0
456,What is the government's current strategy regarding Coronavirus?,278,0.33685640053740046,0.33685640053740046
446,Is there a current strategy from the government?,278,0.33685640053740046,0.33685640053740046
449,How long does the virus incubate?,279,0.0,0.0
450,Isn't corona and influenza just the same thing?,280,0.5299125532696064,0.5299125532696064
679,Is Corona similar to influenza,280,0.5299125532696064,0.5299125532696064
451,Is there any news on the virus?,281,0.2294549001545409,0.22945490015454093
974,What are the news on corona virus? ,281,0.22945490015454095,0.22945490015454093
578,What do I do if I want to celebrate my birthday ,282,0.645041463464532,0.7327222190299008
884,it's my graduation can i celebrate with my friends,282,0.7454152754380192,0.7327222190299008
452,"I wanted to ask what a pandemic was, is that a videogame?",282,0.8077099181871512,0.7327222190299008
865,if i get takeaway am i at risk?,283,0.38463435791147865,0.38463435791147865
455,can you get coronavirus from takeaway food?,283,0.38463435791147865,0.38463435791147865
457,Can my dog get coronavirus?,284,0.3328315945469753,0.3328315945469753
1047,can my dog get sick?_,284,0.3328315945469753,0.3328315945469753
458,Is it possible to get infected twice?,285,0.0,0.0
479,What is the number of infected people?,286,0.44865099681667336,0.37653471062118077
459,What's the current number of infected people?,286,0.24403286417571574,0.37653471062118077
824,What is the current number of infected with coronavirus?,286,0.43692027087115315,0.37653471062118077
481,How should I behave in the public space?,287,0.4655634340798916,0.46556343407989165
461,Should I be doing anything in particular when I'm in public spaces?,287,0.46556343407989165,0.46556343407989165
464,What are the symptoms of a nCov infection?,288,0.0,0.0
465,Who is eligible for coronavirus test?,289,0.0,0.0
467,Is there a treatment plan for coronavirus?,290,0.0,0.0
807,What is Covid-19?,291,0.0,0.0
468,What is COVID-19?,291,0.0,0.0
799,How serious i should be about coronavirus?,292,0.0,0.0
469,How serious we should be about Coronavirus?,292,0.0,0.0
473,What a definition of pandemic?,293,0.0,0.0
483,"I am not at risk, what do I do to stay so.",294,0.436145476127887,0.436145476127887
1007,How to stay safe from corona virus if I am in a risk group?,294,0.43614547612788696,0.436145476127887
484,How do I best avoid to be infected ,295,0.0,0.0
490,Is children especially at risk catching Corona ,296,0.3755866962369206,0.3755866962369206
487,Who is especially at risk for catching Corona and get ill ,296,0.3755866962369206,0.3755866962369206
605,"I am pregnant, what shall I do to protect myself from the virus?",297,0.35626183417094115,0.35626183417094115
489,I am pregnant what to do to protect myself ,297,0.35626183417094115,0.35626183417094115
760,What to do if i am coming back home from abroad?,298,0.3838466001991089,0.41957711465579256
494,I am coming back from abroad what do I do to avoid infection people ,298,0.47018961936924675,0.41957711465579256
614,What shall I do if I am coming back from abroad?,298,0.40469512439902194,0.41957711465579256
496,im not at risk. what do i do,299,0.0,0.0
504,im at risk.. what do i do,299,0.0,0.0
497,ho to prevent infection,300,1.1102230246251565e-16,1.1102230246251565e-16
498,What shops has been closed during the lockdown  ,301,0.0,0.0
500,im positive. what about my pet?,302,0.0,0.0
502,Can I go shopping food when locked down ,303,0.0,0.0
506,are children at risk of severe illness,304,0.24922843789822627,0.24922843789822624
503,who is at risk of severe illness,304,0.2492284378982262,0.24922843789822624
505,what do i do if im pregnant,305,0.4406735365748446,0.4406735365748446
728,should i take extra precautions if im pregnant,305,0.4406735365748446,0.4406735365748446
507,Am so allowed to leave my home ,306,0.0,0.0
514,i just came home from traveling. what should i do,307,0.0,0.0
701,How do you catch Corona _,308,0.3001246900964405,0.40016625346192064
583,Can you catch Corona more than once ,308,0.3001246900964405,0.40016625346192064
515,What do I have to do at home to minimize the risk of catching Corona ,308,0.6002493801928809,0.40016625346192064
767,Can i still do the groceries?,309,0.28253674372652593,0.37159248820748303
520,can i still buy groceries,309,0.4733067670355037,0.37159248820748303
715,can i still get groceries,309,0.3589339538604195,0.37159248820748303
522,when does the borders open,310,0.39909680475710796,0.39909680475710796
1018,Are the borders still open? Who can come into the country?,310,0.39909680475710796,0.39909680475710796
525,What do I do if one of my employees has Corona ,311,0.2961499632728464,0.2961499632728464
998,One of my employees has corona. What do I need to do about it?,311,0.2961499632728464,0.2961499632728464
822,What steps I can take at home to prevent coronavirus infection?,312,0.404109095317141,0.404109095317141
527,what can i do at home to prevent being infected,312,0.404109095317141,0.404109095317141
528,What can I do if my employees refuses to work during lockdown ,313,0.42623369299868097,0.42623369299868097
640,Is there any lockdown?,313,0.42623369299868097,0.42623369299868097
838,How to talk to your child on coronavirus?,314,0.4818663519623245,0.4818663519623245
529,how do i talk to a kid about covid-19,314,0.4818663519623245,0.4818663519623245
530,what am i suppsed to do - im a student,315,0.0,0.0
881,"my colleague is in lockdown, when can he be back in the office?",316,0.7923043477698767,0.7179803866606148
532,what do i do if someone at work has been infected and i'm their manager,316,0.7484857571549017,0.7179803866606148
879,someone in my office can't work because they are babysitting,316,0.6131510550570661,0.7179803866606148
681,what can I do if my employee cannot come to work because of his child's school is closed due to coronavirus,317,0.36995519524548526,0.36995519524548526
538,What can I do if my employees can’t work because of the schools are closed ,317,0.36995519524548526,0.36995519524548526
874,do i need to quarantine,318,0.5328375108698575,0.5328375108698575
543,my emplyee is in quarantine. what do i do,318,0.5328375108698575,0.5328375108698575
691,Shall I cancel if I organize a gathering of people?,319,0.4176180549351525,0.4176180549351525
548,why are gatherings being cancelled,319,0.4176180549351525,0.4176180549351525
549,What shall I do if I get sick?,320,0.0,0.0
550,Where to find a hotline about Corona ,321,0.0,0.0
954,What can you tell me about the corona virus?,322,0.4378545271306665,0.4378545271306665
551,Tell me the latest updates about the corona virus,322,0.4378545271306665,0.4378545271306665
554,What is the situation about the coronavirus right now?,323,0.0,0.0
796,What is the strategy against coronavirus?,324,0.23359609824905345,0.23359609824905342
558,What is the strategy now?,324,0.23359609824905342,0.23359609824905342
561,whats the incubation period,325,0.0,0.0
562,"I want to be a good citizen, what can I do to limit the spread of the virus",326,5.551115123125783e-17,5.551115123125783e-17
563,whats a pandemic,327,0.37588660306052885,0.37588660306052885
910,whats corona,327,0.37588660306052885,0.37588660306052885
564,What people should be tested?,328,0.0,0.0
567,Should I be afraid of the pandemia?,329,0.0,0.0
839,Can you catch COVID-19 from food?,330,0.37542923280991886,0.3754292328099189
568,can i get covid-19 from food,330,0.3754292328099189,0.3754292328099189
662,Can pets be infected by Corona ,331,0.40043870892031036,0.40043870892031036
569,can i accidentally infect my pet with corona,331,0.40043870892031036,0.40043870892031036
570,How long make take to feel symptoms of having the virus?,332,0.42730889001051114,0.4273088900105112
591,What should I do if I feel symptoms?,332,0.42730889001051126,0.4273088900105112
575,what does the health authority reccomend,333,0.0,0.0
580,im sick!!! what am a supposed to do?,334,5.551115123125783e-17,5.551115123125783e-17
582,What shall I do when having a wedding ,335,0.0,0.0
584,my friend just tested positive and we hung out ealier this week. what do i do,336,0.0,0.0
585,Can recovered people get the coronavirus again?,337,0.6453269976427198,0.6453269976427198
750,Is there some special procedure for people whose kids got infected with coronavirus?,337,0.64532699764272,0.6453269976427198
588,What are the recommendations?,338,0.0,0.0
590,What isPublic Health Service recommendation ,339,0.0,0.0
794,Is public transport working?,340,0.41606806951911984,0.4160680695191198
592,What do you recommend when taking public transport ,340,0.4160680695191198,0.4160680695191198
593,I been with an infected person. Should I do anything?,341,0.4769125861670592,0.4769125861670592
781,What to do if i have been in touch with an infected person?,341,0.4769125861670592,0.4769125861670592
596,I own a company? How should I protect my people?,342,0.0,0.0
599,How can I collaborate to reduce the pandemic? ,343,0.0,0.0
1005,Can my pet get coronavirus? What to do if I got coronavirus about my cat?,344,0.4155807917419732,0.4155807917419732
608,I got infected. What can I do with my cat?,344,0.4155807917419732,0.4155807917419732
609,Who are really at risk?,345,0.0,0.0
621,Is it risky to go to a swimming pool?,346,0.0,0.0
622,"My child is sick, what shall I do? ",347,0.0,0.0
623,I'm going to do a trip. how can I protect myself during it?,348,0.0,0.0
624,What do I do to protect my employees from Corona ,349,0.0,0.0
625,Am I allowed to do groceries? ,350,0.41099651453585173,0.41099651453585173
916,Is it still allowed to go out and buy groceries?,350,0.41099651453585173,0.41099651453585173
735,Has been a curfew introduced already?,351,0.23634163592096194,0.236341635920962
627,Have the authorities introduced a curfew already?,351,0.23634163592096205,0.236341635920962
628,What surgery appointments have been moved?,352,0.0,0.0
629,What’s status with Corona in Denmark ,353,5.551115123125783e-17,5.551115123125783e-17
633,What’s the current strategy to prevent Corona from spreading ,354,5.551115123125783e-17,5.551115123125783e-17
634,My girl is sick. how can I take care of her?,355,1.1102230246251565e-16,1.1102230246251565e-16
1020,Are the buses still running during COVID-19? ,356,0.3367814970395145,0.33678149703951454
635,Are buses and trains still running during coronavirus?,356,0.33678149703951454,0.33678149703951454
637,Who has to be tested for Corona ,357,0.0,0.0
639,What shall I tell my children about coronavirus?,358,0.0,0.0
642,I have a question about the frontiers locked?,359,0.0,0.0
644,What shall I do if one of my employees got infected?,360,5.551115123125783e-17,5.551115123125783e-17
650,Does en employee have a right to refuse to travel for work?,361,0.0,0.0
651,How long does it take before you get sick from Corona ,362,0.17378564374123245,0.17378564374123245
953,How long does it take to get sick?,362,0.17378564374123243,0.17378564374123245
652,what do we know abt covid-19,363,1.1102230246251565e-16,1.1102230246251565e-16
654,Being at home... can I do anything else to protect myself?,364,0.0,0.0
835,how many die on average of coronavirus,365,0.59833632161842,0.5355142467812787
771,How many people die from Coronavirus?,365,0.42839429150784,0.5355142467812787
657,How many out of a hundred people will die from Corona ,365,0.5798121272175761,0.5355142467812787
659,Can you get Corona from eating take away ,366,0.0,0.0
665,What is Corona ,367,0.0,0.0
666,isnt coronavirus just like to flu?,368,0.5373747047807627,0.5373747047807627
973,Is coronavirus more dangerous than the flu? ,368,0.5373747047807628,0.5373747047807627
748,How much do we know about coronavirus?,369,0.25347778666004034,0.25347778666004034
667,How much do we know about Corona ,369,0.25347778666004034,0.25347778666004034
670,whats the status of the virus,370,0.0,0.0
675,how many percent of infecet people die,371,0.0,0.0
680,is there currently a curfew,372,0.0,0.0
688,One of my employees is lockdown under quarantine. How do I manage the situation?,373,0.0,0.0
689,Where can I call?,374,0.0,0.0
690,What are reasons behind the government's decision to cancel gathering of people?,375,0.0,0.0
692,What are the recommendations if someone organizes a gathering of people?,376,0.43969234721284073,0.5399464135273241
821,Are there any measures I can take when organizing a gathering of people?,376,0.6298330801845052,0.5399464135273241
932,what are the recommended actions to organize a gathering?,376,0.5937954126299082,0.5399464135273241
769,What precautions are recommended for people who organize a gathering of people?,376,0.4964648140820423,0.5399464135273241
970,Why does the government recommend to avoid large groups of people? ,377,0.4533119648098117,0.4533119648098116
693,why are there recommendations about not grouping people?,377,0.4533119648098116,0.4533119648098116
699,What are the main symptoms of coronavirus?,378,0.0,0.0
747,What to do if i am organising a gathering of many people?,379,0.49682682742122763,0.49682682742122763
700,How can I organise an event?,379,0.4968268274212277,0.49682682742122763
984,Can you get reinfected with the coronavirus? ,380,0.280546564896719,0.280546564896719
703,Can I be reinfected? ,380,0.280546564896719,0.280546564896719
724,can you tell me some informationabout student reccomendations,381,0.39755476002419726,0.3975547600241973
705,what are the reccomendations for students,381,0.3975547600241973,0.3975547600241973
706,What group of people are of higher risk to get coronavirus?,382,0.0,0.0
717,will regular stores close due to covid-19,383,0.4306632939138221,0.4306632939138221
711,will variety stores close due to covid-19,383,0.4306632939138221,0.4306632939138221
712,how many have tested positive for coronavirus,384,0.0,0.0
714,what is the current status for the outbreak,385,0.0,0.0
719,i just got home from another country. what do i do,386,0.0,0.0
725,how many people have been infected globally,387,0.20220138904930854,0.2022013890493085
726,how many people have been infected with covid-19 globally,387,0.2022013890493085,0.2022013890493085
729,i'm returning from another country. what should i do,388,0.0,0.0
730,Is there anything i can do to decrease the risk on COVID-19 infection?,389,0.0,0.0
732,How can i educate my child under quarantine?,390,0.0,0.0
761,"I was in contact with someone infected with coronavirus, what shall I do now?",391,0.3848792010436398,0.3848792010436399
739,What are recommendations for people who were in contact with someone infected with Coronavirus?,391,0.38487920104363993,0.3848792010436399
742,Where can I find a list of coronavirus symptoms?,392,0.0,0.0
890,should i send the kids to kindergarten,393,0.4092621470288794,0.4092621470288794
743,What to do if my employee cannot work because the kids are not having kindergarten?,393,0.4092621470288794,0.4092621470288794
744,What to do if my employee is undert quaranteen?,394,0.0,0.0
746,Why government is cancelling social activities?,395,0.0,0.0
749,What stores are shut down during coronavirus?,396,0.15472934982125097,0.154729349821251
831,What stores are shut down?,396,0.15472934982125103,0.154729349821251
979,How long do you have until you show symptoms of corona? ,397,0.46359937786712274,0.46359937786712274
751,How long does it take to have coronavirus symptoms? ,397,0.46359937786712274,0.46359937786712274
938,I’m infected and what should I do with my dog?,398,0.411655750045682,0.411655750045682
755,Do cats and dogs get infected with coronavirus?,398,0.411655750045682,0.411655750045682
766,What does coronavirus mean?,399,0.460070283617265,0.460070283617265
863,pnademic what does it mean,399,0.46007028361726504,0.460070283617265
936,What’s the death rate of the corona?,400,0.17287787778940256,0.17287787778940256
773,What is the death rate?,400,0.17287787778940253,0.17287787778940256
1043,can I be infected twice?_,401,0.22046528331405216,0.22046528331405216
776,Can i get infected twice?,401,0.22046528331405216,0.22046528331405216
789,What to do with my pet if i am tested covid-19 positive?,402,0.14794106063470214,0.14794106063470214
850,What do I do with my pet if I have tested positive for Coronavirus / COVID-19?,402,0.14794106063470217,0.14794106063470214
790,Who are at the highest risk of infection?,403,0.0,0.0
795,How infected people with coronavirus are treated?,404,0.43346791901705833,0.43346791901705833
801,How coronavirus needs to be treated?,404,0.43346791901705833,0.43346791901705833
808,How much knowledge we already have about coronavirus?,405,0.0,0.0
812,What is the guidance for people in risk group?,406,0.0,0.0
814,who are most af risk of getting hospitalized due to covid-19,407,0.6096781193281169,0.6096781193281169
832,can i get covid-19 from meat,407,0.6096781193281169,0.6096781193281169
818,can someone get coronavirus multiple times?,408,2.7755575615628914e-17,2.7755575615628914e-17
827,Are visits to homes of elderly people or care houses banned?,409,0.0,0.0
829,Can you catch the coronavirus twice?,410,0.0,0.0
834,can you tell me what a pandemic is,411,0.0,0.0
840,What are the steps to protect employees during coronavirus?,412,0.0,0.0
845,can i still visit my grandmother at her house?,413,0.0,0.0
848,What guidelines do I have to follow to avoid being infected?,414,0.0,0.0
851,What are the main risk groups for the disease?,415,0.0,0.0
855,is there a vaccine?,416,0.0,0.0
856,is it more serious than the flu?,417,0.0,0.0
859,should i avoid people?,418,0.35879267518122104,0.35879267518122104
967,Should I avoid people when I am outside? ,418,0.35879267518122104,0.35879267518122104
862,how long should i self-quarantine?,419,0.0,0.0
866,is my cat at risk,420,0.0,0.0
868,people infected worldwide,421,0.0,0.0
871,i have a cough but i don't know if it's corona,422,1.1102230246251565e-16,1.1102230246251565e-16
872,my boyfriend is positive what do i do,423,0.0,0.0
877,if i wash my hands am i safe?,424,0.46624065460214714,0.46624065460214714
993,Do I need to wear a mask? How often should I wash my hands?,424,0.46624065460214714,0.46624065460214714
908,can i take the train?,425,0.44526092586654104,0.44526092586654104
880,i take the train to work every day,425,0.44526092586654104,0.44526092586654104
882,is there a number for questions,426,0.0,0.0
883,why can't i go to a festival,427,0.7744838957830223,0.6075981109044722
1050,can I go out?,427,0.4057410774685073,0.6075981109044722
1044,can I go out?,427,0.4057410774685073,0.6075981109044722
1025,Should i go to school?,427,0.7197342582623195,0.6075981109044722
988,can I go to the hospital? ,427,0.7322902455400053,0.6075981109044722
886,can my bird catch the corona if i have it,428,0.0,0.0
891,is the mask effective,429,0.0,0.0
893,is my Easter flight going to get cancelled,430,0.6634322934121428,0.6634322934121428
897,do i go to classes at uni,430,0.6634322934121429,0.6634322934121428
896,my child is scared what do i tell him,431,0.0,0.0
901,"i can't go on holiday now, can i change my flight tickets?",432,0.0,0.0
903,"my kid is coughing, does he need to see the doctor or to be taken to the hospital",433,0.0,0.0
904,what if i run out of toilet paper,434,0.0,0.0
931,are gatherings and meetings allowed?,435,0.6324488452259314,0.5126091563094285
905,am i allowed out after 9?,435,0.408947861458508,0.5126091563094285
946,Am I allowed to go out?,435,0.4964307622438459,0.5126091563094285
907,can i see my grandma ,436,0.0,0.0
909,should i disinfect everything at home?,437,0.0,0.0
912,should everyone get tested,438,0.0,0.0
915,So... What do we do if our daughter gets it?,439,0.7294353828189777,0.7055160606317948
948,Can I visit my old father? ,439,0.8001256148388736,0.7055160606317948
922,what can we tell to our 5-year-old daughter about COVID-19?,439,0.5869871842375332,0.7055160606317948
917,are we allowed to go out there? is there any curfew?,440,0.0,0.0
918,"based on the news about the border lockout, can we travel abroad?",441,0.0,0.0
919,can we go and visit our granny?,442,0.0,0.0
920,is it allowed to take buses or trains during this outage?,443,5.551115123125783e-17,5.551115123125783e-17
921,what can we do here to prevent the spread of it? at home?,444,0.45797737961774154,0.45797737961774154
950,How can we prevent the virus to spread in our household? ,444,0.45797737961774154,0.45797737961774154
925,can we force people to work during this period?,445,0.4304968574731428,0.4304968574731428
926,can employees refuse to travel in this period? Can we force them to do so?,445,0.4304968574731428,0.4304968574731428
930,please provide me with a number for a hotline of someone I can talk to,446,0.0,0.0
935,"I have some symptoms, how do I really know if I've got it?",447,0.0,0.0
1039,Can I get the virus eating?,448,0.3226315007115468,0.3226315007115468
937,Can I get infected by eating?,448,0.3226315007115468,0.3226315007115468
939,Which demographics are most prone to catch the disease? ,449,0.0,0.0
942,Has cancer treatment been postponed?,450,5.551115123125783e-17,5.551115123125783e-17
943,Are there any shops open right now?,451,0.0,0.0
944,My kid may be sick from corona. What should I do?,452,0.0,0.0
945,Is it safe to buy food? ,453,0.0,0.0
947,Can I travel outside the country?,454,0.0,0.0
949,May I commute via the metro train? ,455,0.0,0.0
952,"I am a student, is it ok to study in groups?",456,0.0,0.0
956,How does the virus travel from people to people?,457,0.0,0.0
962,Should I get my grandfather tested?,458,0.0,0.0
972,How do I keep a gathering of people safe? ,459,0.5604618635463153,0.5604618635463153
971,Can I still have a gathering of people? What do I have to do in that case? ,459,0.5604618635463153,0.5604618635463153
976,How do we fight the coronavirus pandemic?,460,0.0,0.0
980,What is a pandemic and who decides it,461,0.0,0.0
989,What to do if someone I’ve been in contact with has corona?,462,0.0,0.0
1010,Do masks help with coronavirus?,463,0.31294707651624976,0.31294707651624976
991,What can I do to help with coronavirus? ,463,0.31294707651624976,0.31294707651624976
992,What to do as a healthy person about the coronavirus pandemic?,464,0.0,0.0
999,Can you fire someone for not coming to work during coronavirus? ,465,0.0,0.0
1001,What are the vacation rules about the corona for companies?,466,0.0,0.0
1008,What do I do if I’m pregnant? Is corona virus dangerous for me? ,467,0.0,0.0
1012,Do I have to go into quarantine if I come back home from abroad? Is it mandatory?,468,0.0,0.0
1014,What kind of shops are still allowed CODID-19?,469,0.0,0.0
1015,What to do if my kid got corona?,470,0.0,0.0
1016,Are supermarkets still open?,471,0.0,0.0
1052,What do I do if my neighboor has been tested positive for COVID?,472,0.40544249893647405,0.40544249893647405
1026,What to do if your employee has tested positive for covid,472,0.40544249893647405,0.40544249893647405
1027,Recommendations for forcing employees for take vacation during covid ,473,0.0,0.0
1028,Rules for work travel during corona,474,0.0,0.0
1029,Can i postpone my vacation,475,0.0,0.0
1031,What can i demand of an employee under quarantine,476,0.0,0.0
1033,Why does the government ban gatherings,477,0.0,0.0
1035,What should I explain about coronavirus to my kids?,478,0.4040594235696815,0.4040594235696815
1051,Can you explain me what is the Corona?,478,0.4040594235696815,0.4040594235696815
1038,Can anyone in my team refuse to travel during the pandemia?,479,0.0,0.0
1040,"I'm confused, I don't know if corona is related to influenza. Is it the same?",480,0.0,0.0
1046,can I be infected again?_,481,0.0,0.0
