target,intent,text
0,ทักทาย,สวัสดีค่ะ 
0,ทักทาย,สวัสดีค่ะ
0,ทักทาย,สวัสดีครับ
0,ทักทาย,สวัสดีครับ
0,ทักทาย,สวัสดีค่ะ
0,ทักทาย,สวัสดี
0,ทักทาย,สวัสดีครับบ
0,ทักทาย,สวัสดีครับ
0,ทักทาย,สวัสดีครับ
0,ทักทาย,สวัสดี
0,ทักทาย,สวัสดีนะคะ
0,ทักทาย,สวัสดีครับ
0,ทักทาย,สวัสดีครับ
0,ทักทาย,สวัสดีค่ะ
0,ทักทาย,สวัสดีครับ
0,ทักทาย,สวัสดีครับ
0,ทักทาย,สวัสดีจ้า
0,ทักทาย,สวัสดีครับ
0,ทักทาย,สวัสดีครับ
0,ทักทาย,สวัสดีครับ
0,ทักทาย,สวัสดีครับ
0,ทักทาย,สวัสดีค่ะ
0,ทักทาย,สวัสดีครับ
0,ทักทาย,สวัสดีค่ะ
0,ทักทาย,สวัสดีครับ
0,ทักทาย,สวัสดีครับ
0,ทักทาย,สวัสดีครับ
0,ทักทาย,สวัสดีค่ะ
0,ทักทาย,สวัสดี
0,ทักทาย,สวัสดีฮะ
0,ทักทาย,สวัสดีครับ
0,ทักทาย,Hi
0,ทักทาย,Hi
0,ทักทาย,อรุณสวัสดิ์ค่ะ :)
0,ทักทาย,hi
0,ทักทาย,สาขาอยุ่ที่ไหน
0,ทักทาย,หวัดดีครับ
0,ทักทาย,หวัดดี
0,ทักทาย,หวัดดีครับ
0,ทักทาย,หวัดดี 
0,ทักทาย,หวัดดีครับ
0,ทักทาย,หวัดดีครับ
1,ข้อมูลหลักสูตร,ขอข้อมูลหลักสูตรหน่อย 
1,ข้อมูลหลักสูตร,ขอข้อมูลหลักสูตรหน่อยค่ะ
1,ข้อมูลหลักสูตร,ขอข้อมูลหลักสูตรหน่อยครับ
1,ข้อมูลหลักสูตร,ขอดูหลักสูตรหน่อย 
1,ข้อมูลหลักสูตร,ขอดูหลักสูตรหน่อยค่ะ
1,ข้อมูลหลักสูตร,ดูหลักสูตรสาขาหน่อยค่ะ
1,ข้อมูลหลักสูตร,ขอดูหลักสูตรหน่อย
1,ข้อมูลหลักสูตร,ขอดูหลักสูตรหน่อยได้ไหมคะ
1,ข้อมูลหลักสูตร,ขอดูหลักสูตรหน่อย
1,ข้อมูลหลักสูตร,ขอดูหลักสูตรสาขาค่ะ
1,ข้อมูลหลักสูตร,ขอดูหลังสูตรหน่อย 
1,ข้อมูลหลักสูตร,ขอดูหลักสูตรหน่อย
1,ข้อมูลหลักสูตร,ขอดูหลักสูตรหน่อย
1,ข้อมูลหลักสูตร,ขอดูหลักสูตรหน่อย
1,ข้อมูลหลักสูตร,ขอดูหลักสูตรหน่อย
1,ข้อมูลหลักสูตร,ขอดูหลักสูตรหน่อย
1,ข้อมูลหลักสูตร,ขอดูหลักสูตรค่ะ
1,ข้อมูลหลักสูตร,ขอดูหลักสูตรหน่อ
1,ข้อมูลหลักสูตร,ขอดูหลักสูตรหน่อย
1,ข้อมูลหลักสูตร,ขอสอบถามเรื่องหลักสูตรของสาขาวิชานี้หน่อยค่ะ
1,ข้อมูลหลักสูตร,สวัสดีค่ะ ขอสอบถามเรื่องค่าเทอมหน่อยค่ะ
1,ข้อมูลหลักสูตร,ขอรายวิชาในสาขาหน่อย
1,ข้อมูลหลักสูตร,เทอมนี้เรียนอะไรบ้าง
1,ข้อมูลหลักสูตร,เทอมนี้มีวิชาอะไรบ้าง 
1,ข้อมูลหลักสูตร,ขอรายละเอียดหลักสูตรหน่อย
1,ข้อมูลหลักสูตร,ต้องเรียนอะไรบ้าง
1,ข้อมูลหลักสูตร,เรียนอะไรบ้าง
1,ข้อมูลหลักสูตร,ต้องเรียนอะไรบ้าง
1,ข้อมูลหลักสูตร,ต้องเรียนอะไรบ้าง
1,ข้อมูลหลักสูตร,อยากรู้หลักสูตรของที่นี่ค่ะ
1,ข้อมูลหลักสูตร,ขอหลักสูตรหน่อย
1,ข้อมูลหลักสูตร,ขอหลักสูตรหน่อย
1,ข้อมูลหลักสูตร,ขอหลักสูตรหน่อยค่ะ
1,ข้อมูลหลักสูตร,ขอหลักสูตรค่ะ
1,ข้อมูลหลักสูตร,ขอหลักสูตรหน่อย
1,ข้อมูลหลักสูตร,ขอหลักสูตรหน่อยค่ะ
1,ข้อมูลหลักสูตร,ขอหลักสูตรของสาขาหน่อยค่ะ
1,ข้อมูลหลักสูตร,ขอหลักสูตรสาขา
1,ข้อมูลหลักสูตร,ขอหลักสูตรสาขาหน่อยค่ะ
2,ระยะเวลาเรียน,เรียนกี่ปีจบครับ
2,ระยะเวลาเรียน,เรียนกี่ปีจบ
2,ระยะเวลาเรียน,เรียนกี่ปีจบ
2,ระยะเวลาเรียน,เรียนกี่ปีจบคะ
2,ระยะเวลาเรียน,เรียนกี่ปีจบคะ
2,ระยะเวลาเรียน,เรียนกี่ปีจบ
2,ระยะเวลาเรียน,เรียนกี่ปีจบ
2,ระยะเวลาเรียน,เรียนกี่ปีจบครับ
2,ระยะเวลาเรียน,เรียนกี่ปีจบ
2,ระยะเวลาเรียน,เรียนกี่ปีจบครับ
2,ระยะเวลาเรียน,เปิดเรียนปีการศึกษาละกี่เทอมคะ
2,ระยะเวลาเรียน,เรียนกี่ปีครับ
2,ระยะเวลาเรียน,เรียนกี่ปี
2,ระยะเวลาเรียน,เรียนกี่ปีคะ
2,ระยะเวลาเรียน,เรียนกี่ปีครับ 
2,ระยะเวลาเรียน,เรียนกี่ปีครับ
2,ระยะเวลาเรียน,เรียนกี่ปีครับ
2,ระยะเวลาเรียน,กี่ปีจบ
2,ระยะเวลาเรียน,เรียนปีละกี่เทอม
2,ระยะเวลาเรียน,ที่นี่เรียนปีละกี่เทอม
2,ระยะเวลาเรียน,เรียนกี่เทอมต่อปี
2,ระยะเวลาเรียน,เรียนจบในกี่ปีหรอคะ
2,ระยะเวลาเรียน,เรียนจบในกี่ปีหรอคะ
2,ระยะเวลาเรียน,เรียนจบในกีปี่คะ
2,ระยะเวลาเรียน,เรียนกีปี่จบคะ
2,ระยะเวลาเรียน,เรียนยากกไหม
2,ระยะเวลาเรียน,ที่นี่เรียนกี่ปีจบคะ
2,ระยะเวลาเรียน,เรียนกี่ปีถึงจะจบครับ
2,ระยะเวลาเรียน,เรียนกี่ปีถึงจะจบครับ
2,ระยะเวลาเรียน,เรียนกี่ปีจบหรอคะ
2,ระยะเวลาเรียน,เรียนกีปีจบคะ
3,ค่าเทอม,ค่าเทอมกี่บาท
3,ค่าเทอม,ค่าเทอมกี่บาท
3,ค่าเทอม,ค่าเทอมกี่บาท
3,ค่าเทอม,ค่าเทอมกี่บาท
3,ค่าเทอม,ค่าเทอมเทอมละกี่บาทคะ
3,ค่าเทอม,ค่าเทอมลดกี่เปอเซ็นคะช่วงโควิด
3,ค่าเทอม,ค่าเทอมเท่าไหร่
3,ค่าเทอม,ค่าเทอมเท่าไหร่
3,ค่าเทอม,ค่าเทอมเท่าไหร่
3,ค่าเทอม,ค่าเทอมเท่าไหร่
3,ค่าเทอม,ค่าเทอมเท่าไหร่ครับ 
3,ค่าเทอม,ค่าเทอมเท่าไหร่
3,ค่าเทอม,ค่าเทอมเท่าไหร่
3,ค่าเทอม,ค่าเทอมเท่าไหร่
3,ค่าเทอม,ค่าเทอมเท่าไหร่
3,ค่าเทอม,ค่าเทอมเท่าไหร่
3,ค่าเทอม,ค่าเทอมเท่าไหร่ครับ
3,ค่าเทอม,ค่าเทอมเท่าไหร่ครับ
3,ค่าเทอม,ค่าเทอม เทอมละเท่าไหร่
3,ค่าเทอม,ค่าเทอมเทอมละเท่าไหร่คะ
3,ค่าเทอม,ค่าเทอม เทอมละเท่าไหร่ครับ
3,ค่าเทอม,ค่าเทอม เทอมละเท่าไหร่
3,ค่าเทอม,ค่าเทอมราคาเท่าไร
3,ค่าเทอม,ค่าเทอมเทอมละเท่าไรหรอคะ
3,ค่าเทอม,ค่าเทอมเท่าไรหรอคะ
3,ค่าเทอม,ค่าเทอมเท่าไร
3,ค่าเทอม,ค่าเทอมเท่าไรคะ
3,ค่าเทอม,ค่าเทอมเท่าไรคะ
3,ค่าเทอม,ค่าเทอมเท่าไรคะ
3,ค่าเทอม,ค่าเทอมเท่าไรคะ
3,ค่าเทอม,ค่าเทอมเท่าไรคะ
3,ค่าเทอม,เทอมนี้ ค่าเทอมเท่าไหร่
3,ค่าเทอม,ค่าเทอมแพงไหม
3,ค่าเทอม,ค่าเทอมแพงไหม
3,ค่าเทอม,ค่าเทอมแพงไหมครับ
4,เรียนแมธ,เรียนแมทกี่ตัว
4,เรียนแมธ,เรียนแมทกี่ตัว
4,เรียนแมธ,เรียนแมทกี่ตัวครับ
4,เรียนแมธ,เรียนแมทกี่ตัว
4,เรียนแมธ,เรียนแมทกี่ตัวคะ
4,เรียนแมธ,เรียนแมทกี่ตัว
4,เรียนแมธ,เรียนแมทกี่ตัว
4,เรียนแมธ,เรียนแมทกี่ตัว
4,เรียนแมธ,เรียนแมทกี่ตัว
4,เรียนแมธ,เรียนแมทกี่ตัวคะ
4,เรียนแมธ,เรียนแมทกี่ตัว
4,เรียนแมธ,เรียนแมทเยอะไหม
4,เรียนแมธ,เรียนแมทเยอะไหม
4,เรียนแมธ,ต้องเรียนแมทป่าว
4,เรียนแมธ,เรียนแมทยากป่าว 
4,เรียนแมธ,เรียนแมทยากไหม
4,เรียนแมธ,เรียนแมทเยอะป่าว
4,เรียนแมธ,เรียนแมทเยอะป่าว
4,เรียนแมธ,ต้องเรียนแมทกี่ตัวคะ
4,เรียนแมธ,ต้องเรียนแมทกี่ตัว
4,เรียนแมธ,เรียแมทยากป่าว
4,เรียนแมธ,มีแมทกี่ตัวคะ
4,เรียนแมธ,มีแมทกี่ตัวคะ
4,เรียนแมธ,มีเรียนแมทกี่ตัวคะ
5,ข้อมูลหอพัก,มีที่พักไหมครับ
5,ข้อมูลหอพัก,มีที่พักไหม
5,ข้อมูลหอพัก,มีที่พักป่าว
5,ข้อมูลหอพัก,มีที่พักไหม
5,ข้อมูลหอพัก,มีที่พักไหมคะ
5,ข้อมูลหอพัก,มีที่พักไหม
5,ข้อมูลหอพัก,มีหอพักสำหรับนักศึกษามั้ยคะ
5,ข้อมูลหอพัก,ค่าหอเท่าไหร่
5,ข้อมูลหอพัก,ค่าหอเท่าไหร่คะ
5,ข้อมูลหอพัก,ค่าหอเท่าไหร่
5,ข้อมูลหอพัก,ขอระเบียบการหอพัก
5,ข้อมูลหอพัก,มีหอพักไหม
5,ข้อมูลหอพัก,มีหอพักไหม
5,ข้อมูลหอพัก,มีหอพักไหม
5,ข้อมูลหอพัก,มีหอพักไหมครับ
5,ข้อมูลหอพัก,มีหอพักไหม
5,ข้อมูลหอพัก,มีหอพักไหม
5,ข้อมูลหอพัก,มีหอพักไหม
5,ข้อมูลหอพัก,ค่าหอราคาเท่าไหร่ครับ
5,ข้อมูลหอพัก,ค่าหอพักราคาเท่าไรหรอคะ
5,ข้อมูลหอพัก,ค่าหอพักราคาเท่าไรคะ
5,ข้อมูลหอพัก,หอพักราคาเท่าไหร่คะ
5,ข้อมูลหอพัก,ค่าหอเท่าไรคะ
5,ข้อมูลหอพัก,หอพักตั้งอยู่ตรงไหนหรอคะ
5,ข้อมูลหอพัก,มีหอพักรึเปล่าคะ
5,ข้อมูลหอพัก,ที่นี่มีหอพักไหมคะ
5,ข้อมูลหอพัก,หอพักอยุ่ไหนคะ
5,ข้อมูลหอพัก,มีหอพักป่าว
5,ข้อมูลหอพัก,มีหอพักป่าว
5,ข้อมูลหอพัก,มีหอพักป่าว
5,ข้อมูลหอพัก,มีหอพักให้พักไหมคะ
5,ข้อมูลหอพัก,มีหอพักในมอไหม
5,ข้อมูลหอพัก,ค่าหอเท่าไหร
5,ข้อมูลหอพัก,มีหอพักให้ป่าว
5,ข้อมูลหอพัก,ที่มอมีหอพักไหมคะ
5,ข้อมูลหอพัก,ที่มอมีหอพักไหมคะ
5,ข้อมูลหอพัก,หอพักที่นี่ราคาเท่าไรคะ
5,ข้อมูลหอพัก,หอพักราคาเท่าไรคะ
5,ข้อมูลหอพัก,หอพักมีกี่หอคะ
6,งานในอนาคต,เรียนจบไปทำงานอะไร
6,งานในอนาคต,จบไปทำอะไรครับ
6,งานในอนาคต,จบไปทำอะไร
6,งานในอนาคต,จบไปทำอะไร
6,งานในอนาคต,จบไปทำอะไรคะ
6,งานในอนาคต,จบไปทำอะไร
6,งานในอนาคต,จบไปทำอะไร
6,งานในอนาคต,จบไปทำอะไร 
6,งานในอนาคต,จบไปทำอะไร
6,งานในอนาคต,จบไปทำงานอะไรได้บ้าง
6,งานในอนาคต,จบไปทำงานอะไรได้บ้าง
6,งานในอนาคต,จบไปทำงานอะไรได้บ้างคะ
6,งานในอนาคต,จบไปทำงานอะไรครับ
6,งานในอนาคต,จบไปทำงานอะไร
6,งานในอนาคต,จบไปทำงานอะไร
6,งานในอนาคต,จบไปมีงานอะไรให้ทำบ้างคะ
6,งานในอนาคต,เรียนจบไปทำอะไรได้บ้างคะ
6,งานในอนาคต,เรียนจบแล้วทำอะไร
6,งานในอนาคต,จบไปทำอะไรได้บ้าง
6,งานในอนาคต,จบไปทำอะไรได้บ้าง
6,งานในอนาคต,จบไปทำอะไรได้บ้าง
6,งานในอนาคต,จบไปทำอะไรได้บ้าง
6,งานในอนาคต,จบไปทำอะไรได้บ้าง
6,งานในอนาคต,จบไปทำงานไรได้บ้าง
6,งานในอนาคต,จบไปทำงานด้านไหน
7,ความยากในการเรียน,เรียนยากไหมครับ 
7,ความยากในการเรียน,เรียนยากไหม
7,ความยากในการเรียน,เรียนยากไหม
7,ความยากในการเรียน,เรียนยากไหม
7,ความยากในการเรียน,เรียนยากไหม
7,ความยากในการเรียน,เรียนยากไหมคะ
7,ความยากในการเรียน,เรียนยากไหมม
7,ความยากในการเรียน,เรียนยากไหมคะ
7,ความยากในการเรียน,เรียนที่นี่ยากรึเปล่าคะ
7,ความยากในการเรียน,เรียนยากไหมครับ
7,ความยากในการเรียน,เรียนยากไหม
7,ความยากในการเรียน,เรียนยากไหม 
7,ความยากในการเรียน,เรียนยากไหมคะ
7,ความยากในการเรียน,เรียนยากไหม
7,ความยากในการเรียน,เรียนยากไหม
7,ความยากในการเรียน,สาขานี้เรียนยากไหม
7,ความยากในการเรียน,เรียนยากไหม
7,ความยากในการเรียน,เรียนยากไหม
7,ความยากในการเรียน,เรียนยากไหม
7,ความยากในการเรียน,เรียนยากไหม
7,ความยากในการเรียน,ที่นี่เรียนยากไหมคะ
7,ความยากในการเรียน,เรียนยากไหมครับ
7,ความยากในการเรียน,เรียนยากมั้ยคะ 
7,ความยากในการเรียน,เรียนยากไหม
7,ความยากในการเรียน,เรียนยากไหม
7,ความยากในการเรียน,ที่นี่เรียนยากไหม
7,ความยากในการเรียน,เรียนยากไหมคะ
7,ความยากในการเรียน,เรียนยากไหม
7,ความยากในการเรียน,เรียนยากไหม
7,ความยากในการเรียน,เรียนยากไหมครับ
7,ความยากในการเรียน,เรียนยากไหม
7,ความยากในการเรียน,เรียนยากไหม
7,ความยากในการเรียน,เรียนยากไหม
7,ความยากในการเรียน,เรียนยากรึเปล่า
7,ความยากในการเรียน,เรียนยากไหมครับ
7,ความยากในการเรียน,เรียนยากไหม
7,ความยากในการเรียน,เรียนยากไหม
7,ความยากในการเรียน,เรียนยากไหม
7,ความยากในการเรียน,เรียนยากมากไหมคะ
7,ความยากในการเรียน,ที่นี่เรียนยากไหมคะ
7,ความยากในการเรียน,เรียนยากไหมครับ 
7,ความยากในการเรียน,เรียนยากไหม
7,ความยากในการเรียน,เรียนยากไหม
7,ความยากในการเรียน,ที่นี่เรียนยากรึเปล่า
7,ความยากในการเรียน,ที่นี่เรียนยากไหมครับ
7,ความยากในการเรียน,เรียนยากไหมครับ
7,ความยากในการเรียน,เรียนยากไหม
7,ความยากในการเรียน,เรียนยากไหมครับ
7,ความยากในการเรียน,เรียนยากไหม
7,ความยากในการเรียน,สมัครเรียนยากไหม
7,ความยากในการเรียน,เรียนยากไหมครับ
7,ความยากในการเรียน,เรียนยากไหม
7,ความยากในการเรียน,เรียนยากป่าว
7,ความยากในการเรียน,เรียนยากป่าว
7,ความยากในการเรียน,เรียนยากป่าว
7,ความยากในการเรียน,เรียนยากป่าว
7,ความยากในการเรียน,เรียนหนักไหม
7,ความยากในการเรียน,เรียนหนักไหม
7,ความยากในการเรียน,เรียนหนักไหม
7,ความยากในการเรียน,เรียนหนักไหม
7,ความยากในการเรียน,เรียนหนักอะป่าว
8,วันเปิดเทอม,เปิดเทอมวันไหน
8,วันเปิดเทอม,เปิดเทอมวันไหน
8,วันเปิดเทอม,เปิดเทอมเมื่อไหร่
8,วันเปิดเทอม,เปิดเทอมวันไหน
8,วันเปิดเทอม,เปิดเทอมวันไหน
8,วันเปิดเทอม,เปิดเทอมวันไหน
8,วันเปิดเทอม,เปิดเทอมวันไหน
8,วันเปิดเทอม,เปิดเทอมวันไหน 
8,วันเปิดเทอม,เปิดเทอมวันไหน
8,วันเปิดเทอม,เปิดเทอมวันไหน
8,วันเปิดเทอม,เปิดเทอมวันไหน
8,วันเปิดเทอม,เทอมนี้เปิดเทอมวันไหน
8,วันเปิดเทอม,เปิดเทอมวันไหน
8,วันเปิดเทอม,เปิดเทอมวันไหน
8,วันเปิดเทอม,เปิดเทอมวันไหนครับ
8,วันเปิดเทอม,เปิดเรียนวันไหนครับ
8,วันเปิดเทอม,เปิดเทอมวันไหนคะ
8,วันเปิดเทอม,เปิดเทอมวันไหนคะ
8,วันเปิดเทอม,เปิดเทอมวันไหนคะ
8,วันเปิดเทอม,เปิดเทอมวันไหนคะ
8,วันเปิดเทอม,เปิดเทอมเมื่อไรคะ
8,วันเปิดเทอม,เปิดเทอมเมื่อไร
8,วันเปิดเทอม,เปิดเทอมเมื่อไร
8,วันเปิดเทอม,เปิดเทอมตอนไหนครับ
9,สายที่รับสมัคร,จบอะไรถึงเรียนได้
9,สายที่รับสมัคร,จบอะไรถึงเรียนได้คะ
9,สายที่รับสมัคร,จบอะไรถึงจะเรียนได้
9,สายที่รับสมัคร,สายศิลป์เรียนได้ไหม
9,สายที่รับสมัคร,สายศิลป์เรียนได้ไหม
9,สายที่รับสมัคร,เรียนสายศิลป์เรียนได้ไหม
9,สายที่รับสมัคร,สายศิลป์เรียนได้ไหม
9,สายที่รับสมัคร,จบสายศิลป์เรียนได้ไหม
9,สายที่รับสมัคร,จบสายศิลป์เรียนได้ไหม
9,สายที่รับสมัคร,จบสายศิลป์เรียนได้ไหม
9,สายที่รับสมัคร,จบสายศิลป์เข้าเรียนที่นี่ได้ไหมครับ
9,สายที่รับสมัคร,จบสายศิลป์มาเรียนได้รึเปล่าคะ
9,สายที่รับสมัคร,ต้องจบอะไรมา
9,สายที่รับสมัคร,ต้องจบอะไรถึงสมัครเรียนที่นี่ได้คะ
9,สายที่รับสมัคร,ต้องจบอะไรถึงสมัครเรียนได้คะ
9,สายที่รับสมัคร,จำเป็นต้องจบสายไหนถึงเข้าได้คะ
9,สายที่รับสมัคร,ต้องเรียนจบสายไหนถึงเข้าได้หรอคะ
9,สายที่รับสมัคร,ต้องเรียนอะไรมาถึงเข้าได้คะ
9,สายที่รับสมัคร,ต้องจบอะไรถึงจะสมัครได้ครับ
9,สายที่รับสมัคร,ต้องจบอะไรหรอคะถึงจะสมัครได้
9,สายที่รับสมัคร,ต้องเรียนสายอะไรถึงเรียนได้
9,สายที่รับสมัคร,ต้องจบอะไรมาถึงเรียนได้
9,สายที่รับสมัคร,สายศิลป์เรียนได้ป่าว
9,สายที่รับสมัคร,ต้องจบอะไรถึงสมัครที่นี่ได้
9,สายที่รับสมัคร,จบศิลป์เรียนได้ไหม
9,สายที่รับสมัคร,ต้องจบอะไรถึงเข้าที่นี่ได้
9,สายที่รับสมัคร,จบศิลป์มา เรียนได้ป่าว
10,ที่ตั้งสาขา,สวัสดีครับ ตึกสาขาตั้งอยู่ตรงไหนครับ
10,ที่ตั้งสาขา,ตึกสาขาอยู่ที่ไหนครับ
10,ที่ตั้งสาขา,ตึกสาขาอยู่ตรงไหนคะ
10,ที่ตั้งสาขา,ตึกสาขาอยู่ตรงไหน
10,ที่ตั้งสาขา,สาขาอยู่ตรงไหน
10,ที่ตั้งสาขา,สาขาอยู่ตรงไหนครับ
10,ที่ตั้งสาขา,ตึกสาขาตั้งอยู่ที่ไหน
10,ที่ตั้งสาขา,ตึกสาขาตั้งอยู่ที่ไหน
10,ที่ตั้งสาขา,ตึกสาขาตั้งอยู่ที่ไหนคะ
10,ที่ตั้งสาขา,สาขาอยู่ไหน 
10,ที่ตั้งสาขา,สาขาอยู่ไหน
10,ที่ตั้งสาขา,ตึกสาขาตั้งอยู่ตรงไหนคะ
10,ที่ตั้งสาขา,ตึกสาขาตั้งอยู่ตรงไหนคะ
10,ที่ตั้งสาขา,ตึกสาขาตั้งอยู่ตรงไหนคะ
11,สมัครเรียน,สนใจเรียนสมัครอย่างไรคะ
11,สมัครเรียน,สมัครเรียนยังไง
11,สมัครเรียน,สมัครเรียนยังไง
11,สมัครเรียน,สมัครเรียนยังไง
11,สมัครเรียน,สมัครเรียนยังไง
11,สมัครเรียน,สมัครเรียนยังไง
11,สมัครเรียน,สมัครเรียนยังไง
11,สมัครเรียน,สนใจสมัครเรียนอย่างไรครับ
11,สมัครเรียน,สมัครเรียนยังไง
11,สมัครเรียน,สมัครเรียนยังไง
11,สมัครเรียน,สมัครเรียนยังไง
11,สมัครเรียน,สมัครเรียนยังไง
11,สมัครเรียน,สมัครเรียนยังไง
11,สมัครเรียน,ขอข้อมูลการสมัครเรียนหน่อยครับ
11,สมัครเรียน,สมัครเรียนวันไหน 
11,สมัครเรียน,สมัครเรียนวันไหน 
11,สมัครเรียน,สมัครยังไง
11,สมัครเรียน,สมัครยังไง 
12,เว็บไซต์มหาลัย,ขอเว็บไซต์มหาลัยหน่อย
12,เว็บไซต์มหาลัย,ขอเว็บมหาลัยหน่อย
12,เว็บไซต์มหาลัย,มีเว็บมหาลัยไหมครับ
12,เว็บไซต์มหาลัย,ขอเว็บมหาลัยหน่อย
12,เว็บไซต์มหาลัย,ขอเว็บมหาลัยหน่อยจ้า
13,วิธีการดรอปเรียน,อยากรู้ระเบียบการดรอปเรียนค่ะ
13,วิธีการดรอปเรียน,ขอระเบียบการดรอปเรียนหน่อยค่ะ
13,วิธีการดรอปเรียน,ระเบียบการดรอปเรียนมีว่าอะไรบ้างคะ
13,วิธีการดรอปเรียน,ขอวิธีการดรอปเรียนหน่อยค่ะ
13,วิธีการดรอปเรียน,ดรอปเรียนยังไงคะ
13,วิธีการดรอปเรียน,ดรอปเรียนยังไง
13,วิธีการดรอปเรียน,ดรอปเรียนยังไง
13,วิธีการดรอปเรียน,ดรอปเรียนเรียนยังไง
13,วิธีการดรอปเรียน,ถ้าอยากดรอปเรียนทำยังไงคะ
13,วิธีการดรอปเรียน,ถ้าจะดรอปเรียนต้องทำยังไงคะ
13,วิธีการดรอปเรียน,ถ้าอยากดรอปเรียนต้องทำยังไงบ้างคะ
13,วิธีการดรอปเรียน,ครอปเรียนต้องทำยังไงคะ
13,วิธีการดรอปเรียน,ขอขั้นตอนการดรอปเรียนหน่อยค่ะ
13,วิธีการดรอปเรียน,ดรอปเรียนต้องทำยังไงบ้างคะ
13,วิธีการดรอปเรียน,ดรอปเรียนต้องทำยังไงคะ
14,เว็บไซต์สาขา,ขอเว็บไซต์สาขาหน่อยค่ะ
14,เว็บไซต์สาขา,ขอเว็บไซต์สาขาหน่อย
14,เว็บไซต์สาขา,ขอเว็บไซต์สาขาหน่อย
14,เว็บไซต์สาขา,ขอเว็บไซต์สาขาหน่อย
14,เว็บไซต์สาขา,ขอเว็บไซต์สาขาหน่อยครับ
14,เว็บไซต์สาขา,ขอเว็บไซต์สาขาหน่อย
14,เว็บไซต์สาขา,ขอเว็บไซต์ของสาขาหน่อยค่ะ
14,เว็บไซต์สาขา,ขอเว็บไซต์สาขาหน่อยค่ะ
14,เว็บไซต์สาขา,ขอเว็บสาขาหน่อย
14,เว็บไซต์สาขา,ขอเว็บสาขาหน่อย
14,เว็บไซต์สาขา,ขอเว็บสาขาหน่อย
14,เว็บไซต์สาขา,ขอเว็บสาขาหน่อย
14,เว็บไซต์สาขา,ขอเว็บสาขาหน่อย 
14,เว็บไซต์สาขา,ขอเว็บสาขาหน่อย
14,เว็บไซต์สาขา,ขอเว็บสาขาหน่อย
14,เว็บไซต์สาขา,ขอลิ้งค์เว็บไซต์สาขาหน่อย
14,เว็บไซต์สาขา,ขอเว็บไซต์ติดต่อหน่อยค่ะ
14,เว็บไซต์สาขา,เว็บไซต์สาขาคืออันไหนคะ
15,เว็บไซต์คณะ,ขอเว็บไซตฺ์คณะหน่อย
15,เว็บไซต์คณะ,ขอเว็บคณะหน่อย
15,เว็บไซต์คณะ,มีเว็บคณะไหมครับ
15,เว็บไซต์คณะ,ขอเว็บไซต์คณะหน่อยหน่อยครับ
16,วันลงทะเบียนเรียน,ลงทะเบียนเรียนวันไหนครับ
16,วันลงทะเบียนเรียน,ลงทะเบียนเรียนวันไหน
16,วันลงทะเบียนเรียน,ลงทะเบียนเรียนวันไหน 
16,วันลงทะเบียนเรียน,ลงทะเบียนเรียนวันไหน
16,วันลงทะเบียนเรียน,ลงทะเบียนเรียนวันไหน 
16,วันลงทะเบียนเรียน,ลงทะเบียนเรียนวันไหน
16,วันลงทะเบียนเรียน,ลงทะเบียนเรียนวันไหนครับ
16,วันลงทะเบียนเรียน,ลงทะเบียนเรียนวันไหน 
16,วันลงทะเบียนเรียน,ลงทะเบียนเรียนวันไหน 
16,วันลงทะเบียนเรียน,ลงทะเบียนเรียนวันไหน 
16,วันลงทะเบียนเรียน,ลงทะเบียนเรียนวันไหน
16,วันลงทะเบียนเรียน,ลงทะเบียนเรียนตอนไหนครับ
16,วันลงทะเบียนเรียน,ลงทะเบียนเรียนตอนไหน
16,วันลงทะเบียนเรียน,ลงทะเบียนเรียนตอนไหน
16,วันลงทะเบียนเรียน,ลงทะเบียนเรียนตอนไหน
16,วันลงทะเบียนเรียน,ลงทะเบียนเรียนตอนไหน
16,วันลงทะเบียนเรียน,ลงทะเบียนเรียนตอนไหน
16,วันลงทะเบียนเรียน,ลงทะเบียนเรียนตอนไหน
16,วันลงทะเบียนเรียน,วันไหนเปิดให้ลงทะเบียนเรียนหรอคะ
16,วันลงทะเบียนเรียน,ให้ลงทะเบียนเรียนวันไหนหรอครับ
16,วันลงทะเบียนเรียน,ลงทะเบียนเรียนวันแรกตอนไหนคะ
16,วันลงทะเบียนเรียน,เริ่มลงทะเบียนวันไหนคะ
16,วันลงทะเบียนเรียน,ลงทะเบียนเรียนเริ่มวันไหนคะ
16,วันลงทะเบียนเรียน,ลงทะเบียนเรียนวันไหนคะ
16,วันลงทะเบียนเรียน,เปิดให้ลงทะเบียนเรียนวันไหนคะ
16,วันลงทะเบียนเรียน,เปิดให้ลงทะเบียนเรียนวันไหนคะ
16,วันลงทะเบียนเรียน,เปิดลงทะเบียนเรียนตอนไหน
16,วันลงทะเบียนเรียน,เปิดให้ลงทะเบียนวันไหน
16,วันลงทะเบียนเรียน,ให้ลงทะเบียนวันไหน
16,วันลงทะเบียนเรียน,เริ่มลงทะเบียนเรียนตอนไหน
16,วันลงทะเบียนเรียน,ลงทะเบียนตอนไหน
16,วันลงทะเบียนเรียน,ละทะเบียนเรียนวันไหน
16,วันลงทะเบียนเรียน,วันไหนเป็นวันลงทะเบียนเรียน
17,ติดต่อสาขา,ติดต่อสาขายังไง
17,ติดต่อสาขา,ติดต่อสาขายังไงคะ
17,ติดต่อสาขา,ติดต่อสาขาบังไง
17,ติดต่อสาขา,ติดต่อสาขายังไง
17,ติดต่อสาขา,ติดต่อสาขายังไง
17,ติดต่อสาขา,ติดต่อสาขายังไง
17,ติดต่อสาขา,ติดต่อสาขายังไง
17,ติดต่อสาขา,ติดต่อสาขายังไง
17,ติดต่อสาขา,ติดต่อสาขายังไง
17,ติดต่อสาขา,ขอช่องทางติดต่อสาขาหน่อยค่ะ
17,ติดต่อสาขา,ขอช่องทางติดต่อสาขาหน่อยค่ะ
17,ติดต่อสาขา,ขอช่องทางติดต่อสาขาหน่อยค่ะ
18,ขอบคุณ,ขอบคุณครับ
18,ขอบคุณ,ขอบคุณ
18,ขอบคุณ,ขอบคุณครับ
18,ขอบคุณ,ขอบคุณนะคะ
18,ขอบคุณ,ขอบคุณครับ
18,ขอบคุณ,ขอบคุณค่ะ
18,ขอบคุณ,ขอบคุณค่ะ
18,ขอบคุณ,ขอบคุณนะคะ
18,ขอบคุณ,ขอบคุณครับ
18,ขอบคุณ,ขอบคุณ
18,ขอบคุณ,ขอบคุณครับ
18,ขอบคุณ,ขอบคุณครับ
18,ขอบคุณ,ขอบคุณครับ
18,ขอบคุณ,ขอบคุณครับ
18,ขอบคุณ,ขอบคุณครับ
18,ขอบคุณ,ขอบคุณครับ
18,ขอบคุณ,ขอบคุณจ๊ะ
18,ขอบคุณ,ขอบคุณ
18,ขอบคุณ,ขอบคุณค่ะ
18,ขอบคุณ,ขอบตุณค่ะ
18,ขอบคุณ,ขอบบคุณค่าา
18,ขอบคุณ,แต้งกิ้วจ้า
18,ขอบคุณ,แต้งกิ้ว
18,ขอบคุณ,แต้งกิ้ว
18,ขอบคุณ,แต้งกิ้ว
18,ขอบคุณ,ขอบใจจ๊ะ
18,ขอบคุณ,ขอบคุณนะ
18,ขอบคุณ,ขอบคุณนะ
18,ขอบคุณ,ขอบคุณนะครับ
18,ขอบคุณ,ขอบคุณมากๆครับ
18,ขอบคุณ,ขอบคุณมากครับ
18,ขอบคุณ,ขอบคุณมากๆครับ
18,ขอบคุณ,ขอบคุณมากๆ
18,ขอบคุณ,ขอบคุณมากๆครับ
18,ขอบคุณ,ขอบคุณมากครับ
18,ขอบคุณ,ขอบใจมากๆ
18,ขอบคุณ,ขอบคุณมากๆครับ
18,ขอบคุณ,ขอบคุณมากๆครับ
18,ขอบคุณ,ขอบคุณมากๆ ค่ะ
18,ขอบคุณ,ขอบใจนะ
18,ขอบคุณ,ขอบใจนะ
18,ขอบคุณ,ขอบใจนะ
18,ขอบคุณ,ขอบใจครับ
18,ขอบคุณ,ขอบใจนะคะ