 Domain,intent,text
Coronavirus Recommendations,Pet,_
Coronavirus Recommendations,People At Risk,_
Coronavirus Recommendations,Actions If At Risk,What to do if I'm one of the people with a risk profile?
Coronavirus Recommendations,Pregnant,What to do as a pregnant woman?
Employer Guidelines,Refusal To Travel,Can an employee say that they dont want to travel because of coronavirus?
About Coronavirus,Testing,Who should be tested?
About Coronavirus,Fear,Will I die?
Coronavirus Recommendations,Health Authority Recommendations,What should I do?
Coronavirus Recommendations,Public Spaces,What to do when outside?
Coronavirus Recommendations,Illness,I'm sick wtf do i do?
Coronavirus Recommendations,Illness,i dont know what to do now that I am sick
Coronavirus Recommendations,Contact With Infected,What should I do because I touched someone who are sick with corona
Coronavirus Recommendations,Employer,How do I do to help my employes with corona?
Coronavirus Recommendations,Citizen,waht should i do to minimise the spread?
Coronavirus Recommendations,Not At Risk,"I am not at risk, is there anything I should do?"
Coronavirus Recommendations,Infection Prevention,how can I avoid being infected?
Coronavirus Recommendations,Doctor,at what point should I seek medical help?
Coronavirus Recommendations,Children,is my son at risk of being infected?
Coronavirus Recommendations,Mask,should I be wearing a mask when I am outside?
Coronavirus Recommendations,Swimming Hall,is it safe to use a public swimming pool?
Coronavirus Recommendations,Precautions,What should I be careful with when travelling?
Coronavirus Recommendations,Returning From Travel,I have come back from travelling and I am not sure what to do?
Employer Guidelines,Sick Employee,what should I do as one of my employees are sick?
Employer Guidelines,Refusal To Work,what are my rights when an employee refuses to work because of the virus?
Employer Guidelines,Refusal To Travel,Can an employee say no to travelling for work because of the corona?
Employer Guidelines,Vacation,can we reschedule a vacation for an employee due to the corona virus?
Employer Guidelines,Daycare,my employe can not get her kids look after and I don't know what to do?
Employer Guidelines,Quarantine,what should a person do when under quaranteen?
Contact,Hotline,ho can I get in touch with you fast?
Gatherings,Cancelling Gathering,we can we not meet up in crowds?
Gatherings,Arranging Gathering,should I cancel my birthday party?
Gatherings,Gathering Precautions,Is there anyhting I can do to prevent spread of the virus during my party?
Coronavirus Recommendations,Health Authority Recommendations,what is the government recommending?
Coronavirus Recommendations,Health Authority Recommendations,_
Coronavirus Recommendations,People At Risk,who is at risk of getting corona virus?
Coronavirus Recommendations,Actions If At Risk,who should I avoid to not get corona?
Coronavirus Recommendations,Pregnant,am I at risk if I am preganant and get corona?
Coronavirus Recommendations,Children,what are the chances for a kid with corona to die?
Coronavirus Recommendations,Mask,should I wear a mask every time I go out?
Coronavirus Recommendations,Swimming Hall,is is possible to get infected with corona if i go swimming?
Coronavirus Recommendations,Precautions,how can i prevent getting corona while travelling?
Employer Guidelines,Sick Employee,what should my direct report do if he is infected with corona virus?
Employer Guidelines,Refusal To Work,does my employees have the right to refuse working because of COVID 19
Employer Guidelines,Refusal To Travel,are my employees allowed to refuse travelling because of corona?
Employer Guidelines,Vacation,can my employees reschedule their vacation because of covid 19?
Employer Guidelines,Daycare,what if my employees can't work because their kids are at home
Employer Guidelines,Quarantine,"if one my employees has corona, does he have to work from home"
Contact,Hotline,what's the phone number where i can find more information about corona
Gatherings,Cancelling Gathering,what are the government recommendation in denmark? 
Gatherings,Arranging Gathering,are there any rules when arranging a meeting? 
Gatherings,Gathering Precautions,what are the rules to follow when scheduling a meeting? 
Coronavirus Recommendations,Returning From Travel,what should i do after getting back home from another country? 
Coronavirus Recommendations,Employer,what is the employer supposed to do to protect the employees? 
Coronavirus Recommendations,Citizen,can i take an action to minimize the spead of coronavirus? 
Coronavirus Recommendations,Not At Risk,is there anything I should do if i am not risky
Coronavirus Recommendations,Infection Prevention,how can I prevent getting infected with coronavirus?
Coronavirus Recommendations,Doctor,when should I go to the doctor+
About Coronavirus,Latest News,what is the current number of cases in the world?
About Coronavirus,Status,what's the current status of covid 19? 
About Coronavirus,Strategy,how will covid 19 be stopped?
About Coronavirus,Testing,can anyone be tested for corona`
About Coronavirus,Fear,how dangerous is coronvirus?
Coronavirus Recommendations,Health Authority Recommendations,what are the heath authorities recommendations in denmark? 
Coronavirus Recommendations,Public Spaces,what are the rules to follow in public? 
Coronavirus Recommendations,Illness,what should I do if I feel sick?
Coronavirus Recommendations,Contact With Infected,my friend was confirmed with coronavirus. what should I do? 
Coronavirus Recommendations,Pet,should I do anything if my dog has coronavirus
About Coronavirus,Coronavirus Versus Influenza,are there any resemblances between coronavirus and influenza?  
About Coronavirus,Symptoms,what are symptoms of coronavirus infection? 
About Coronavirus,Methods of Transmission,how can i get infected with Coronavirus? 
About Coronavirus,Treatment,is there a treatment for coronavirus
About Coronavirus,What Is Coronavirus,what is exactly coronavirus? 
About Coronavirus,What Do We Know About Coronavirus,do we know how coronavirus impacts the humas 
Coronavirus Recommendations,Employer,what is the employer supposed to do to protect the employees? 
About Coronavirus,Symptoms,what are coronavirus symptoms? _
Coronavirus Recommendations,Illness,what should I do if I got infected with covid-19?_
Contact,Hotline,where can I find info about coronavirus? _
Contact,Hotline,what is the phone number for coronavirus hotline? _
Coronavirus Recommendations,Precautions,can i travel? _
Coronavirus Recommendations,Actions If At Risk,What should I do if I'm in an at risk group?
Coronavirus Recommendations,Pregnant,Should I be isolating if I am pregnant?
Coronavirus Recommendations,Children,What is the risk to my children?
Coronavirus Recommendations,Mask,Should we be wearing N95 masks to protect us?
Coronavirus Recommendations,Swimming Hall,Is it safe to go swimming?
Coronavirus Recommendations,Precautions,What do I need to do if I'm going away?
Coronavirus Recommendations,Returning From Travel,What do I need to do if I'm coming back home from another country?
Coronavirus Recommendations,Pet,Shoot it
Coronavirus Recommendations,People At Risk,all humans
Coronavirus Recommendations,Actions If At Risk,send thoughts and prayers
Coronavirus Recommendations,Pregnant,buy diapers.
Coronavirus Recommendations,Children,"yes, as their parents WILL die"
Coronavirus Recommendations,Mask,not unless it's halloween
Coronavirus Recommendations,Swimming Hall,yes
Coronavirus Recommendations,Precautions,don't travel
Coronavirus Recommendations,Returning From Travel,pray
Employer Guidelines,Sick Employee,fire them immediately.
Employer Guidelines,Refusal To Work,fire them immediately.
Employer Guidelines,Refusal To Travel,they can refuse unless they want to keep their job.
Employer Guidelines,Vacation,yes
Employer Guidelines,Daycare,fire them
Employer Guidelines,Quarantine,fire them
Contact,Hotline,can i call a hotline
Gatherings,Cancelling Gathering,because they have seen thousands of deaths
Gatherings,Arranging Gathering,make sure not to do this
Gatherings,Gathering Precautions,make sure to shoot them all afterwards
Coronavirus Recommendations,Contact With Infected,pray
Coronavirus Recommendations,Pregnant,What should I do if I am pregnant?
Coronavirus Recommendations,Children,Are children at risk from this?
About Coronavirus,Status,Status of COVID-19
About Coronavirus,Strategy,What is the current strategy
About Coronavirus,Testing,Who should be tested?
About Coronavirus,Fear,How fearful should I be of Coronavirus?
Coronavirus Recommendations,Health Authority Recommendations,What are the recommendations of our health authorities?
Coronavirus Recommendations,Public Spaces,How should I behave when I’m with other people in public?
Coronavirus Recommendations,Illness,Steps I should take when I contract the virus
Coronavirus Recommendations,Contact With Infected,When I’ve been in contact with somebody who has the virus what should I do?
Coronavirus Recommendations,Employer,What are my responsibilities as an employer when responding to this crisis?
Coronavirus Recommendations,Citizen,As a conscious resident of the U.S. how can I mitigate the spread of the virus?
About Coronavirus,Latest News,What is total number of deaths due to Corona virus?
About Coronavirus,Status,Which country has the most number of casualties due to Corona virus?
Coronavirus Recommendations,Contact With Infected,Yes
About Coronavirus,Treatment,what do the doctors do if i have it?
About Coronavirus,What Is Coronavirus,Do you want to know what Coronavirus is?
About Coronavirus,What Do We Know About Coronavirus,_
About Coronavirus,Symptoms,_
About Coronavirus,Methods of Transmission,_
About Coronavirus,Treatment,_
About Coronavirus,Coronavirus Versus Influenza,_
About Coronavirus,Latest News,_
About Coronavirus,Status,_
About Coronavirus,Strategy,_
About Coronavirus,Testing,_
About Coronavirus,Fear,_
Coronavirus Recommendations,Health Authority Recommendations,_
Coronavirus Recommendations,Public Spaces,_
Coronavirus Recommendations,Illness,_
Coronavirus Recommendations,Contact With Infected,_
Coronavirus Recommendations,Employer,_
Coronavirus Recommendations,Citizen,_
Coronavirus Recommendations,Pregnant,What should a pregnant woman do to stay safe from the Coronavirus?
Coronavirus Recommendations,Children,What is the likelihood my children will contract Coronavirus?
Coronavirus Recommendations,Mask,Do masks protect me from the Coronavirus?
Coronavirus Recommendations,Swimming Hall,Is it safe to swim during the Coronavirus outbreak?
About Coronavirus,Status,ma name jef
About Coronavirus,Strategy,watadarastage
About Coronavirus,Testing,whomsulbetest
About Coronavirus,Fear,really much
About Coronavirus,Methods of Transmission,how do i get it?
Coronavirus Recommendations,Student,yes
Employer Guidelines,Sick Employee,no
Coronavirus Recommendations,Swimming Hall,Am I at risk for Corona at a swimming pool?
Coronavirus Recommendations,Precautions,What do I need to do to be safe while traveling?
Coronavirus Recommendations,Returning From Travel,Do I need to tell a doctor or health care provider if I just came back from France?
Coronavirus Recommendations,Postponed Surgeries,Will I still be able to have my hip replacement?
Coronavirus Recommendations,Closed Shops,What's stores are closed?
Coronavirus Recommendations,Sick Child,What do I need to do with my kid has fever?
Coronavirus Recommendations,Purchasing Groceries,Is it safe to go to the grocery store?
Coronavirus Recommendations,Curfew,When is curfew?
Coronavirus Recommendations,Border,Is the border closed?
Coronavirus Recommendations,Visiting Elderly,Can I still visit my grandparents?
Coronavirus Recommendations,Public Transport,Is it safe to take the bus?
Coronavirus Recommendations,Actions At Home,Is there anything I need to do while at hom to be safe?
Coronavirus Recommendations,Educating Children On Coronavirus,Should I tell my kid about corona?
Coronavirus Recommendations,Student,How can I continue my education during the pandemic?
Employer Guidelines,Sick Employee,What are the signs someone has coronavirus?
Contact,Hotline,i would like to get hold of the hotline
About Coronavirus,Fear,Is coronavirus so serious? How worried should I be?
About Coronavirus,Incubation Period,How long does it take for me to feel sick after I catch coronavirus?
About Coronavirus,Pandemic,What does it mean when it says pandemic?
About Coronavirus,Mortality Rate,How often do people die from coronavirus?
About Coronavirus,Infection Through Food,Can I catch coronavirus from eating takeout?
About Coronavirus,Infection Of Pets,Can my dog catch the virus?
About Coronavirus,Infected Twice,"If someone has gotten the virus, can they catch it again?"
About Coronavirus,Coronavirus Versus Influenza,_
About Coronavirus,Latest News,Send me information on corona virus
About Coronavirus,Status,what is the status on corona virus
Coronavirus Recommendations,Sick Child,what do i do if my kid is sick
Coronavirus Recommendations,Purchasing Groceries,can i still go shopping
Coronavirus Recommendations,Curfew,is there a curfew
Coronavirus Recommendations,Border,are the borders closed
Coronavirus Recommendations,Visiting Elderly,can i still visit elderly in their home 
Coronavirus Recommendations,Public Transport,can i still use publictransport
Coronavirus Recommendations,Actions At Home,how can i reduce risk at home
Coronavirus Recommendations,Educating Children On Coronavirus,how can i teach my child about covid19
Coronavirus Recommendations,Student,i would like information for students during the pandemi
Employer Guidelines,Sick Employee,what do i do as an employer if an employee is infected
Employer Guidelines,Refusal To Work,what can i do as an employer if one of my staff refuses to go to work
Employer Guidelines,Refusal To Travel,can an eomployee fefuse to travel because of coronavirus
Employer Guidelines,Vacation,can agreed vacation be changed if an employee cant take vacation due to coronavirus
Employer Guidelines,Daycare,as an employer. what can i do if an employee cant send children to school or daycare
Employer Guidelines,Quarantine,what do i do as an employer if one of staff is in querantine
Gatherings,Cancelling Gathering,why is the government saying larger events has to be cancelled?
Gatherings,Arranging Gathering,what do I do if i am planning an event
Gatherings,Gathering Precautions,what precorsiens do i have to make if i am hosting an event
Coronavirus Recommendations,Postponed Surgeries,what kind of surgery is being postponed
Coronavirus Recommendations,Closed Shops,what kind of stores are closed due to covid19
About Coronavirus,What Is Coronavirus,what is coronavirus
About Coronavirus,What Do We Know About Coronavirus,what do you know about coroa´navirus?
About Coronavirus,Symptoms,what kind of symptomps do you have if infected by covis19
About Coronavirus,Methods of Transmission,how does coronavirus infect?
About Coronavirus,Fear,how scared should i be for coronavirus
About Coronavirus,Incubation Period,how long time does it take before i get infected until it is shown in a test?
About Coronavirus,Pandemic,what is a pandemi?
About Coronavirus,Mortality Rate,how highg is the mortality with covid19
About Coronavirus,Infection Through Food,can i get infected eating food?
About Coronavirus,Infection Of Pets,can pets get infected by the virus?
About Coronavirus,Infected Twice,can a person get the infection more than one time?
About Coronavirus,How Many Infected,how many people are infected with coronvirus 
Coronavirus Recommendations,Health Authority Recommendations,what are the recommendations by the authorities
Coronavirus Recommendations,Public Spaces,i would like to get recommendations on how to behave in the public
Coronavirus Recommendations,Illness,what do i do if i fall sick
Coronavirus Recommendations,Contact With Infected,what do i do if a person in my family is tested positive for covid19
Coronavirus Recommendations,Employer,how do I as an employer protect my staff
Coronavirus Recommendations,Citizen,how can I as an citizen minimise the spread of the virus
Coronavirus Recommendations,Not At Risk,what can i do if i am not in the known risk groups
Coronavirus Recommendations,Infection Prevention,how can i prevent getting infected
Coronavirus Recommendations,Doctor,when should i see my doctor?
Coronavirus Recommendations,Pet,what do i do with my pet if i am tested positive?
Coronavirus Recommendations,People At Risk,who is at risk getting the virus and hence become sick?
Coronavirus Recommendations,Actions If At Risk,what do I do if I am in the the riskgroup
Coronavirus Recommendations,Pregnant,what do i do if being pregnant?
Coronavirus Recommendations,Children,are kids in a high risk getting infected?
Coronavirus Recommendations,Mask,am i supposed to wear a mask?
Coronavirus Recommendations,Swimming Hall,am I at risk to get infected swimming in a public pool?
Coronavirus Recommendations,Precautions,what precautions should i make if travelling
Coronavirus Recommendations,Actions If At Risk,What should I do if i'm a person who is more vulnerable than others
Coronavirus Recommendations,Returning From Travel,what do I do if i am returning from abroad?
About Coronavirus,Strategy,wht is the current startegy?
About Coronavirus,Testing,who should get a test?
Coronavirus Recommendations,Pregnant,"i'm having a baby, should I be worried?"
About Coronavirus,Latest News,what are the latest news about covid19?
Coronavirus Recommendations,Children,are kids also part of the group of people more vulnerable to corona?
About Coronavirus,Status,what is the latest status on covid19?
Coronavirus Recommendations,Mask,is it really necessary to wear a mask?
About Coronavirus,Treatment,how is covid19 treated?
About Coronavirus,Coronavirus Versus Influenza,is covid19 the same as a normal flu?
Coronavirus Recommendations,Swimming Hall,If I swim in a public swimming pool am I then puttingmyself at risk
Coronavirus Recommendations,Pet,what do i do with my pet if I am tested positive?
Coronavirus Recommendations,Precautions,"i'm going travelling, do I need to take any precautions?"
Coronavirus Recommendations,Returning From Travel,what do I need to do when I retun from a nother country 
Coronavirus Recommendations,Postponed Surgeries,"i'm supposed to go into surgery next week, what operations have been postponed sofar?"
Coronavirus Recommendations,Closed Shops,which shops are closed these days?
Coronavirus Recommendations,Sick Child,"my child is sick, how do I know if it is corona?"
Coronavirus Recommendations,Purchasing Groceries,am I still allowed to go groceri shopping
Coronavirus Recommendations,Curfew,am I allowed to go outside?
Coronavirus Recommendations,Border,who is allowed to cross the borders? what if I'm just going on a short visit to my mom?
Coronavirus Recommendations,Visiting Elderly,am I still allowed to visit my grandparents at their house or retirement home
Coronavirus Recommendations,Public Transport,is it a bad idea to use public transport
Coronavirus Recommendations,Actions At Home,what can I do at home to minimize the risk of getting sick
Coronavirus Recommendations,Educating Children On Coronavirus,"my child is only 2 years old, how do I teach him to behave properly during corona"
Coronavirus Recommendations,Student,"i am a student, how will you advice me in these times?"
Employer Guidelines,Sick Employee,"one of my employees tells me that he is sick but he doesn't know if it is corono, what do I do? do I send him home just like that?"
Employer Guidelines,Refusal To Work,"one of my employees are refusing to work due to fear of getting sick, can I fire him?"
Employer Guidelines,Refusal To Travel,"one of my guys refuses to go abroad, can he refuse to do that?"
Employer Guidelines,Vacation,can holiday plans be changed due to corona?
Employer Guidelines,Daycare,"my employees are home with their kids these days and that clearly shows on their work, what can I do so it doesn't ruin my business?"
Employer Guidelines,Quarantine,"my employee is under quarantine, what now?"
Contact,Hotline,i'd rather talk to a doctor
Coronavirus Recommendations,Sick Child,What can I do if my child is sick?
Coronavirus Recommendations,Purchasing Groceries,Can I purchase groceries?
Coronavirus Recommendations,Curfew,Is there a curfew in effect?
Gatherings,Cancelling Gathering,what is the point of the government not allowing big gatherings over 50 when 49 people is bad enough?
Coronavirus Recommendations,Border,Is the border closed?
Coronavirus Recommendations,Visiting Elderly,Can I visit elderly people?
Coronavirus Recommendations,Public Transport,What is the bus frequency during COVID-19?
Coronavirus Recommendations,Actions At Home,Do I need to take some special actions at home to decrease the risk of contracting COVID-19?
Coronavirus Recommendations,Educating Children On Coronavirus,Should I be educating the same way my child during the COVID-19?
Gatherings,Cancelling Gathering,Why is it recommended that larger group meetings are cancelled?
Gatherings,Arranging Gathering,I'm an event organizer. How should I react or plan?
Gatherings,Arranging Gathering,"I am a event manager for a night club in cph with the new rules, can i then arrange club nigths?"
Coronavirus Recommendations,Student,What are the recommendations for the students during COVID-19?
Employer Guidelines,Sick Employee,What can I do if one of my employees has been infected?
Gatherings,Gathering Precautions,I am arranging a gathering for 20 bridge game members. can I still go through with the event?
Employer Guidelines,Refusal To Work,What can I do if one of my employees is refusing to work due to COVID-19?
Coronavirus Recommendations,Infection Prevention,they say that masks don't really help. What can I do to protect myself then? I need to do groceries and live.
Employer Guidelines,Refusal To Travel,Can an employee refuse to travel due to Coronavirus?
Coronavirus Recommendations,Doctor,"I have started coughing, when should a call the doctor?"
Coronavirus Recommendations,Pet,what should I do with my cat now that I'm sick with corona? Can I get it checked too?
Coronavirus Recommendations,People At Risk,who is especially prone to get sick
About Coronavirus,What Do We Know About Coronavirus,what do you as a chatbot know about corona that I can't read in the news?
Employer Guidelines,Vacation,Can an employee change vacation due to Coronavirus?
Coronavirus Recommendations,Citizen,How can I as a citizen do to minimize the spread of corona virus?
Employer Guidelines,Daycare,What can I do if an employee is unable to get anyone to care for their child?
About Coronavirus,Symptoms,what are the symptoms 
Employer Guidelines,Quarantine,What can I do if one of my employees is under quarantine?
Contact,Hotline,I want to contact with a hotline
About Coronavirus,Methods of Transmission,how does it infect people
Gatherings,Cancelling Gathering,Why does the government recommend cancelling gatherings of people?
Gatherings,Arranging Gathering,what can I do if I am arranging a gathering of people?
Gatherings,Gathering Precautions,What precautions can I take when arranging a gathering of people?
About Coronavirus,Treatment,I'm sick. how can I treat corona from home
Coronavirus Recommendations,Public Spaces,How can I act in public spaces?
About Coronavirus,Coronavirus Versus Influenza,is it the same as a bad flu? 
Coronavirus Recommendations,Illness,What can I do if I have fallen ill?
Coronavirus Recommendations,Contact With Infected,What can I do if I have been in contact with an infected person for COVID-19?
Coronavirus Recommendations,Employer,What can I do to protect my employees?
Coronavirus Recommendations,Citizen,How can I minimize the spread of Coronavirus?
About Coronavirus,Latest News,give me the latest status from my country
About Coronavirus,Status,what is the status on the pandemi worldwide
About Coronavirus,Strategy,what is the current strategy in my state
Coronavirus Recommendations,Not At Risk,Do I have to take some special measure if I don't belong any risk group?
About Coronavirus,Latest News,Latest news on Coronavirus
About Coronavirus,Status,What is the status of Coronavirus?
About Coronavirus,Strategy,What is the current strategy for COVID-19?
About Coronavirus,Testing,Who should be tested?
About Coronavirus,Fear,How afraid should I be of Coronavirus?
About Coronavirus,Incubation Period,What is the incubation period of COVID-19?
About Coronavirus,Pandemic,What is a pandemic?
About Coronavirus,Mortality Rate,What is mortality rate of Coronavirus?
About Coronavirus,Infection Through Food,Can I contract Coronavirus through food?
About Coronavirus,Infection Of Pets,Can my pet get infected by Coronavirus?
About Coronavirus,Infected Twice,Can I get infected more than once?
Gatherings,Gathering Precautions,"As an event organizer, what actions do I need to take?"
About Coronavirus,How Many Infected,How many have been infected by Coronavirus?
Coronavirus Recommendations,Health Authority Recommendations,What are the Health Authority recommendations?
Coronavirus Recommendations,Infection Prevention,How can I prevent to be infected?
Coronavirus Recommendations,Doctor,When should I go to the doctor?
Coronavirus Recommendations,Pet,What can I do with my pet if I have tested positive for Coronavirus?
Coronavirus Recommendations,Not At Risk,I'm not part of any known risk groups. What is my actions?
Coronavirus Recommendations,People At Risk,Who are especially at risk of infection?
Coronavirus Recommendations,Infection Prevention,Please tell me how I can avoid infection?
Coronavirus Recommendations,Actions If At Risk,What can I do if I am a part of an at risk group?
Coronavirus Recommendations,Doctor,What symptoms should I have before I visit my doctor?
Coronavirus Recommendations,Pet,How do I treat my pet if I get infected with the virus?
Coronavirus Recommendations,Pregnant,What can I do if I am pregnant?
Coronavirus Recommendations,Children,are children at risk?
Coronavirus Recommendations,Mask,should I be wearing a mask?
Coronavirus Recommendations,People At Risk,who are particularly prone to infection and subsequent illness?
Coronavirus Recommendations,Swimming Hall,Am I at risk of infection if I go swimming in a swimming hall?
Coronavirus Recommendations,Actions If At Risk,How should I react if I'm part of the risk groups? 
About Coronavirus,Testing,who should get tested
Coronavirus Recommendations,Precautions,What precautions do I need to take if I am going travelling?
Coronavirus Recommendations,Pregnant,"I'm pregnant, what are my precautions?"
Coronavirus Recommendations,Employer,"even if people don't have their kids at home from next week, should I tell my employees to stay home?"
Coronavirus Recommendations,Returning From Travel,What can I do if I am returning from travelling abroad?
Coronavirus Recommendations,Citizen,what can I do as a citizen to avoid spreading the virus
Coronavirus Recommendations,Not At Risk,"i don't think I'm at risk, do I need to take any precautions?"
Coronavirus Recommendations,Postponed Surgeries,I would like to know which surgeries have been postponed
Coronavirus Recommendations,Health Authority Recommendations,what do the health authorities command
Coronavirus Recommendations,Public Spaces,"i can't stay home all day, what do I do out in public?"
Coronavirus Recommendations,Illness,I'm sick what do i do
Coronavirus Recommendations,Closed Shops,Which kinds of shops are closed due to Coronavirus?
Coronavirus Recommendations,Children,Are children are particularly prone to infection?
About Coronavirus,Methods of Transmission,How is Coronavirus transmitted?
Coronavirus Recommendations,Contact With Infected,I was close to a person last week who now tells me she is sick woith corona. can I expect to be sick also?
About Coronavirus,Treatment,How is Covid-19 treated?
About Coronavirus,Pandemic,What does pandemic mean?
About Coronavirus,Fear,"do I need to be scared? Trump isn't scared, why should I"
Coronavirus Recommendations,Mask,Do I need to wear a mask?
About Coronavirus,Infection Of Pets,can my pet pig get sick from corona?
About Coronavirus,Symptoms,What are the symptoms for Coronavirus?
About Coronavirus,Infected Twice,can I get sick again from coronoa
About Coronavirus,How Many Infected,how many in total has been sick with corona
Coronavirus Recommendations,Swimming Hall,"Am I exposed for infections, if i swim in a public pool"
About Coronavirus,Incubation Period,how long does it take for the virus to have an effect in my body?
About Coronavirus,Coronavirus Versus Influenza,is coronavirus the same that influenza?
Coronavirus Recommendations,Precautions,"I should I behave, if I'm travelling?"
About Coronavirus,What Is Coronavirus,What is coronavirus?
About Coronavirus,Pandemic,what is the difference between epidemi and pandemi
About Coronavirus,What Do We Know About Coronavirus,what do we know about Covid-19?
About Coronavirus,Mortality Rate,how many dies from corona. in percentage
About Coronavirus,Infection Through Food,can I get sick through food if I get my food delivered
About Coronavirus,Coronavirus Versus Influenza,are Covid-19 and influenza the same?
About Coronavirus,What Is Coronavirus,what is it exactly and why do you get so sick?
Coronavirus Recommendations,Swimming Hall,i usually swim in a indoor swimming pool. Am I at risk
Coronavirus Recommendations,Returning From Travel,"Which rules do I have to follow, when returning from a foreign country?"
Coronavirus Recommendations,Postponed Surgeries,What are the types of surgeries that has been postponed?
Coronavirus Recommendations,Closed Shops,Which shops are closed due to the corona?
Coronavirus Recommendations,Sick Child,What do I do if my child gets ill?
Coronavirus Recommendations,Purchasing Groceries,Is it OK to still go shopping?
Coronavirus Recommendations,Curfew,Has the curfew been set in place?
Coronavirus Recommendations,Border,I have a question regarding the close down of the border?
Coronavirus Recommendations,Visiting Elderly,Is it OK for me still til visit senior citizens in their home or at their nursing homes?
Coronavirus Recommendations,Public Transport,How can public transportation be used during the outbreak?
Coronavirus Recommendations,Actions At Home,What can be done at home to minimize the risk of being infected with the virus?
Employer Guidelines,Daycare,"Schools and daycares are closed due to the outbreak. What is my rights as an employer, when employees do not have the opportunity to have someone to look after their child? "
Employer Guidelines,Quarantine,"What do I do as an employer, when one of my employees is in quarantine"
Contact,Hotline,I have the need for a hotline
Coronavirus Recommendations,Employer,I am an employer. How do I protect my employees?
Coronavirus Recommendations,Educating Children On Coronavirus,How do I teach my child about the corona virus?
Coronavirus Recommendations,Student,Where do I find info and recommendations for student during an outbreak?
Employer Guidelines,Sick Employee,What of my employees (I'm the employer) has been affected by the virus. What to do?
Employer Guidelines,Refusal To Work,"I'm employer. What is my rights, when an employee refuses to work due to the outbreak?"
Employer Guidelines,Refusal To Travel,Are my employees allowed to deny business related travels due to the outbreak? 
Employer Guidelines,Vacation,"An employee had planned her vacation, but she is not able to fulfill it due to the current corona situation. Can it be changed or rescheduled? "
About Coronavirus,Symptoms,"If I am infected by the virus, which symptoms will I then experience?"
About Coronavirus,Methods of Transmission,How is the disease transmitted?
About Coronavirus,Treatment,how is the disease treated
About Coronavirus,Coronavirus Versus Influenza,Is the corona outbreak equal to the flu?
About Coronavirus,Latest News,The latest news re the outbreak
About Coronavirus,Status,what is the current situation for the corona outbreak?
Coronavirus Recommendations,Public Spaces,What are the recommendations for entering a public space?
Coronavirus Recommendations,Illness,What do I do if I get ill
Coronavirus Recommendations,Contact With Infected,I have been close to a human who has been tested corona positive. What to do?
About Coronavirus,Pandemic,Please explain what pandemic is 
About Coronavirus,Mortality Rate,What is the mortality due to the outbreak?
About Coronavirus,Infection Through Food,Is it possible to get infected through food?
About Coronavirus,Infection Of Pets,Are pets susceptible to infection?
About Coronavirus,Infected Twice,Is it likely to be infected twice?
About Coronavirus,Incubation Period,Please inform me about the incubation time for infection?
About Coronavirus,How Many Infected,How many has been infected by the corona?
Coronavirus Recommendations,Health Authority Recommendations,What is the recommendations of the Board of Health?
About Coronavirus,What Is Coronavirus,I need to know about the corona. What is it?
About Coronavirus,Strategy,What is the current strategy?
About Coronavirus,Testing,Who should be tested?
About Coronavirus,Fear,Do I need to be afraid of the outbreak?
About Coronavirus,What Do We Know About Coronavirus,What is the current knowledge around the corona outbreak?
Coronavirus Recommendations,Pet,What do I do with my dog if I got a positive corona test?
Employer Guidelines,Refusal To Travel,can an employee be forced to travel for work during coronavirus
Employer Guidelines,Vacation,Can I change my vacation schedule due to coronavirus
Gatherings,Cancelling Gathering,What's that about the government recommending the cancellation of gatherings?
Gatherings,Arranging Gathering,"I'm arranging a party, is there something in particular I should do to prepare?"
Gatherings,Gathering Precautions,Which precautions should I take if I'm arranging a party?
Coronavirus Recommendations,Purchasing Groceries,Can I still go to the grocery store?
Coronavirus Recommendations,Curfew,Is there a curfew in effect and at what hours?
Coronavirus Recommendations,Border,Is the border effectively closed now or can people still cross?
Coronavirus Recommendations,Visiting Elderly,Can I still visit my nan in her home?
Coronavirus Recommendations,Public Transport,Is it fine if I use public transport?
Coronavirus Recommendations,Actions At Home,Do I have to perform particular actions at home to keep myself and my family safe?
Coronavirus Recommendations,Educating Children On Coronavirus,How can I speak to my children about the virus?
Coronavirus Recommendations,Student,"As a student, what can I do?"
Employer Guidelines,Sick Employee,"One of my subordinates has been infected with Coronavirus, what should I do about that?"
Employer Guidelines,Refusal To Work,"One of my employees is saying that they're not coming to work because of the virus, what are my options?"
Employer Guidelines,Vacation,Can scheduled vacation be changed if an employee is prevented from taking their vacation due to travel restrictions and such?
Employer Guidelines,Daycare,"My employee has tried to get someone to care for their child, but has thus far been unsuccessful. What can I do as an employer?"
Employer Guidelines,Quarantine,"One of my employees has been quarantined as per the recommendation of the government/health services, what can I do?"
Contact,Hotline,I'd like to contact the coronavirus hotline
Coronavirus Recommendations,Children,Do I have to worry about my child contracting the virus?
Coronavirus Recommendations,Mask,"I see everyone wearing masks nowadays, is that something I should be doing?"
Coronavirus Recommendations,Swimming Hall,"If I go swimming, am I at risk of infection?"
Coronavirus Recommendations,Precautions,Are there special precautions I have to take if I'm travelling abroad?
Coronavirus Recommendations,Returning From Travel,"I've just returned from [country], is there anything special I should be aware of or something I should do?"
Coronavirus Recommendations,Postponed Surgeries,"I was scheduled to have rhinoplasty, are those kinds of surgeries postponed?"
Coronavirus Recommendations,Closed Shops,Which shops are still closed?
Coronavirus Recommendations,Contact With Infected,"I've shaken hands with someone who is Coronavirus positive, what should I do?"
Coronavirus Recommendations,Employer,What can I do to protect my employees?
Coronavirus Recommendations,Citizen,Is tehre anything in particular I can do as a citizen to help coronavirus pass faster?
Coronavirus Recommendations,Not At Risk,"I'm young, healthy, and have no known underlying illnesses, is there anything I should be aware of?"
Coronavirus Recommendations,Infection Prevention,How do I stop myself from getting coronavirus?
Coronavirus Recommendations,Doctor,When can I go to the doctor?
Coronavirus Recommendations,Pet,I've tested positive for corona. What should I do about my pet?
Coronavirus Recommendations,People At Risk,Who is at risk when it comes to coronavirus?
Coronavirus Recommendations,Actions If At Risk,I'm 85 old. What should I do?
Coronavirus Recommendations,Pregnant,I'm 36 weeks pregnant. Is there anything I need to do?
Coronavirus Recommendations,Sick Child,"My child is sick, should I be doing something in particular?"
About Coronavirus,Status,What's teh status on corona?
About Coronavirus,Strategy,Is there a current strategy from the government?
About Coronavirus,Testing,I want to inquire as to who should undergo testing
About Coronavirus,Fear,How scared should I be of corona?
About Coronavirus,Incubation Period,How long does the virus incubate?
About Coronavirus,Coronavirus Versus Influenza,Isn't corona and influenza just the same thing?
About Coronavirus,Latest News,Is there any news on the virus?
About Coronavirus,Pandemic,"I wanted to ask what a pandemic was, is that a videogame?"
About Coronavirus,Status,What is current situation of Coronavirus? 
About Coronavirus,Mortality Rate,What percentage of people die from coronavirus?
About Coronavirus,Infection Through Food,can you get coronavirus from takeaway food?
About Coronavirus,Strategy,What is the government's current strategy regarding Coronavirus?
About Coronavirus,Infection Of Pets,Can my dog get coronavirus?
About Coronavirus,Infected Twice,Is it possible to get infected twice?
About Coronavirus,How Many Infected,What's the current number of infected people?
Coronavirus Recommendations,Health Authority Recommendations,What does the health authority recommend?
Coronavirus Recommendations,Public Spaces,Should I be doing anything in particular when I'm in public spaces?
Coronavirus Recommendations,Illness,"I'm sick, what do I do?"
About Coronavirus,What Do We Know About Coronavirus,What do you know about coronavirus?
About Coronavirus,Symptoms,What are the symptoms of a nCov infection?
About Coronavirus,Testing,Who is eligible for coronavirus test?
About Coronavirus,Methods of Transmission,How does the virus get transmitted?
About Coronavirus,Treatment,Is there a treatment plan for coronavirus?
About Coronavirus,What Is Coronavirus,What is COVID-19?
About Coronavirus,Fear,How serious we should be about Coronavirus?
About Coronavirus,Incubation Period,What is the incubation period of Coronavirus?
About Coronavirus,Treatment,How does the virus get treated?
Contact,Hotline,Can I contact a hotline?
About Coronavirus,Pandemic,What a definition of pandemic?
Coronavirus Recommendations,Curfew,Is there a curfew?
About Coronavirus,Mortality Rate,What is the mortality rate of Coronavirus?
About Coronavirus,Infection Through Food,Is it possible to get infected with Coronavirus through food?
About Coronavirus,Infection Of Pets,Can pets get infected with Coronavirus?
About Coronavirus,Infected Twice,Can I get infected more than once with coronavirus?
About Coronavirus,How Many Infected,What is the number of infected people?
Coronavirus Recommendations,Health Authority Recommendations,What are the recommendations of Health Authority?
Coronavirus Recommendations,Public Spaces,How should I behave in the public space?
Coronavirus Recommendations,Citizen,How do I minimize the spread of Coronavirus
Coronavirus Recommendations,Not At Risk,"I am not at risk, what do I do to stay so."
Coronavirus Recommendations,Infection Prevention,How do I best avoid to be infected 
Coronavirus Recommendations,Doctor,What symptoms do you have to have before you go to a medical doctor 
Coronavirus Recommendations,Pet,What do I do about my pet when tested positive for Corona virus 
Coronavirus Recommendations,People At Risk,Who is especially at risk for catching Corona and get ill 
Coronavirus Recommendations,Actions If At Risk,What do I do if I am at risk 
Coronavirus Recommendations,Pregnant,I am pregnant what to do to protect myself 
Coronavirus Recommendations,Children,Is children especially at risk catching Corona 
Coronavirus Recommendations,Mask,Do I have to wear a mask to avoid catching Corona 
Coronavirus Recommendations,Swimming Hall,Is it dangerous to go swimming in a public bathroom 
Coronavirus Recommendations,Precautions,I have to travel how do I protect myself 
Coronavirus Recommendations,Returning From Travel,I am coming back from abroad what do I do to avoid infection people 
Coronavirus Recommendations,Postponed Surgeries,What sorts of operations has been postponed due to Corona 
Coronavirus Recommendations,Not At Risk,im not at risk. what do i do
Coronavirus Recommendations,Infection Prevention,ho to prevent infection
Coronavirus Recommendations,Closed Shops,What shops has been closed during the lockdown  
Coronavirus Recommendations,Doctor,should i see a doctor
Coronavirus Recommendations,Pet,im positive. what about my pet?
Coronavirus Recommendations,Sick Child,What do I do if my child gets sick 
Coronavirus Recommendations,Purchasing Groceries,Can I go shopping food when locked down 
Coronavirus Recommendations,People At Risk,who is at risk of severe illness
Coronavirus Recommendations,Actions If At Risk,im at risk.. what do i do
Coronavirus Recommendations,Pregnant,what do i do if im pregnant
Coronavirus Recommendations,Children,are children at risk of severe illness
Coronavirus Recommendations,Curfew,Am so allowed to leave my home 
Coronavirus Recommendations,Mask,am i supposed to wear a mask
Coronavirus Recommendations,Swimming Hall,am a at risk of infection if i go swimming?
Coronavirus Recommendations,Border,Can I cross the border to Germany 
Coronavirus Recommendations,Precautions,what should i do if i HAVE to travel soon
Coronavirus Recommendations,Visiting Elderly,Can I visit my grandma in the care center 
Coronavirus Recommendations,Public Transport,Can I use public transport 
Coronavirus Recommendations,Returning From Travel,i just came home from traveling. what should i do
Coronavirus Recommendations,Actions At Home,What do I have to do at home to minimize the risk of catching Corona 
Coronavirus Recommendations,Postponed Surgeries,what kinds of surgeries are being postponed
Coronavirus Recommendations,Closed Shops,which shops are closed?
Coronavirus Recommendations,Educating Children On Coronavirus,How do I teach my child about Corona 
Coronavirus Recommendations,Sick Child,my kid is sick.. what should i do
Coronavirus Recommendations,Purchasing Groceries,can i still buy groceries
Coronavirus Recommendations,Curfew,is there a curfew
Coronavirus Recommendations,Border,when does the borders open
Coronavirus Recommendations,Student,I am a student what do I do about exams 
Coronavirus Recommendations,Visiting Elderly,can i still visit my grandparents 
Employer Guidelines,Sick Employee,What do I do if one of my employees has Corona 
Coronavirus Recommendations,Public Transport,what should i do if i use public transportation
Coronavirus Recommendations,Actions At Home,what can i do at home to prevent being infected
Employer Guidelines,Refusal To Work,What can I do if my employees refuses to work during lockdown 
Coronavirus Recommendations,Educating Children On Coronavirus,how do i talk to a kid about covid-19
Coronavirus Recommendations,Student,what am i suppsed to do - im a student
Employer Guidelines,Refusal To Travel,Is ok for an employee to refuse to travel 
Employer Guidelines,Sick Employee,what do i do if someone at work has been infected and i'm their manager
Employer Guidelines,Refusal To Work,what can i do if an employee is refusing to work
Employer Guidelines,Vacation,Can you change your holiday because of Corona 
Employer Guidelines,Refusal To Travel,can my employee refuse to travel?
About Coronavirus,What Is Coronavirus,What is the corona virus?
About Coronavirus,What Do We Know About Coronavirus,What do you know about the corona?
Employer Guidelines,Daycare,What can I do if my employees can’t work because of the schools are closed 
Employer Guidelines,Vacation,can i change my employee's vacation to now?
About Coronavirus,Symptoms,What are the symptoms of having the disease? 
Employer Guidelines,Daycare,what can i do if my employee cant work beacuse no one can take care of their child
About Coronavirus,Methods of Transmission,How is the coronavirus transmitted?
Employer Guidelines,Quarantine,my emplyee is in quarantine. what do i do
About Coronavirus,Treatment,How can the Covid 19 been treated?
Employer Guidelines,Quarantine,What do I have to do for an employee in  quarantine 
Contact,Hotline,i want to call a coronavirus hotline
About Coronavirus,Coronavirus Versus Influenza,Are coronavirus and influenza the same virus?
Gatherings,Cancelling Gathering,why are gatherings being cancelled
Coronavirus Recommendations,Illness,What shall I do if I get sick?
Contact,Hotline,Where to find a hotline about Corona 
About Coronavirus,Latest News,Tell me the latest updates about the corona virus
Gatherings,Arranging Gathering,how should i react if i'm arranging a gatering
Coronavirus Recommendations,Contact With Infected,What shall I do if I was in contact with  a sick person?
About Coronavirus,Status,What is the situation about the coronavirus right now?
Gatherings,Gathering Precautions,what can i do to decrease the spread of the virus during my gathering
Coronavirus Recommendations,Employer,If I am an employer how can I protect my employees? 
About Coronavirus,Testing,who is being tested
About Coronavirus,Strategy,What is the strategy now?
Gatherings,Cancelling Gathering,Why do the government advise us not to have parties 
About Coronavirus,Fear,how afraid should i be
About Coronavirus,Incubation Period,whats the incubation period
Coronavirus Recommendations,Citizen,"I want to be a good citizen, what can I do to limit the spread of the virus"
About Coronavirus,Pandemic,whats a pandemic
About Coronavirus,Testing,What people should be tested?
About Coronavirus,Mortality Rate,how many die of covid-19
Coronavirus Recommendations,Not At Risk,What can I do if I do not belong to any of risk groups
About Coronavirus,Fear,Should I be afraid of the pandemia?
About Coronavirus,Infection Through Food,can i get covid-19 from food
About Coronavirus,Infection Of Pets,can i accidentally infect my pet with corona
About Coronavirus,Incubation Period,How long make take to feel symptoms of having the virus?
About Coronavirus,Infected Twice,can people get infected again
About Coronavirus,Strategy,what is the current strategy
About Coronavirus,Pandemic,what is a pandemic?
About Coronavirus,How Many Infected,how many have had coronavirus
Coronavirus Recommendations,Health Authority Recommendations,what does the health authority reccomend
About Coronavirus,Mortality Rate,How many people die because of the virus?
Coronavirus Recommendations,Public Spaces,how should i act in public
Gatherings,Arranging Gathering,What do I do if I want to celebrate my birthday 
About Coronavirus,Infection Through Food,Can I get the virus from the food I eat?
Coronavirus Recommendations,Illness,im sick!!! what am a supposed to do?
About Coronavirus,Infection Of Pets,Can pets get the virus?
Gatherings,Gathering Precautions,What shall I do when having a wedding 
About Coronavirus,Infected Twice,Can you catch Corona more than once 
Coronavirus Recommendations,Contact With Infected,my friend just tested positive and we hung out ealier this week. what do i do
About Coronavirus,Infected Twice,Can recovered people get the coronavirus again?
About Coronavirus,How Many Infected,How many people are infected by Corona in Denmark 
About Coronavirus,How Many Infected,How many people got the Covid 19?
Coronavirus Recommendations,Health Authority Recommendations,What are the recommendations?
Coronavirus Recommendations,Public Spaces,How should I behave in public?
Coronavirus Recommendations,Health Authority Recommendations,What isPublic Health Service recommendation 
Coronavirus Recommendations,Illness,What should I do if I feel symptoms?
Coronavirus Recommendations,Public Spaces,What do you recommend when taking public transport 
Coronavirus Recommendations,Contact With Infected,I been with an infected person. Should I do anything?
Coronavirus Recommendations,Infection Prevention,How can protected myself and not get infected? 
Coronavirus Recommendations,Doctor,If I get sick when I should see a doctor?
Coronavirus Recommendations,Employer,I own a company? How should I protect my people?
Coronavirus Recommendations,Pet,If I am tested positive for Coronavirus what shall I do with my dog?
Coronavirus Recommendations,Illness,What do I do if I am getting ill 
Coronavirus Recommendations,Citizen,How can I collaborate to reduce the pandemic? 
Coronavirus Recommendations,People At Risk,Who is at risk of getting infected and suffering from coronavirus?
Coronavirus Recommendations,Contact With Infected,I have been close to a person with Corona what do I do?
Coronavirus Recommendations,Actions If At Risk,"If I am in the risk group, what I shall do to protect myself?"
Coronavirus Recommendations,Not At Risk,I'm not in any risk group. Should I do anything?
Coronavirus Recommendations,Infection Prevention,How can I protect myself?
Coronavirus Recommendations,Pregnant,"I am pregnant, what shall I do to protect myself from the virus?"
Coronavirus Recommendations,Doctor,Should I go to the doctor?
Coronavirus Recommendations,Children,Are children at higher risk of Coronavirus?
Coronavirus Recommendations,Pet,I got infected. What can I do with my cat?
Coronavirus Recommendations,People At Risk,Who are really at risk?
Coronavirus Recommendations,Mask,Shall I wear a face mask in the public places?
Coronavirus Recommendations,Swimming Hall,Can I get infected in the swimming pool?
Coronavirus Recommendations,Actions If At Risk,I've seen I'm in a risk group. what should I do?
Coronavirus Recommendations,Precautions,What shall I do if I need to travel?
Coronavirus Recommendations,Returning From Travel,What shall I do if I am coming back from abroad?
Coronavirus Recommendations,Pregnant,I'm expecting a baby. what can I do?
Coronavirus Recommendations,Employer,how do i prevent my employees from getting infected
Coronavirus Recommendations,Postponed Surgeries,What types of surgeries have been postponed by hospitals?
Coronavirus Recommendations,Children,is there any risk for my kids?
Coronavirus Recommendations,Mask,Must a wear a mask?
Coronavirus Recommendations,Closed Shops,What shops are closed during Coronavirus pandemic?
Coronavirus Recommendations,Swimming Hall,Is it risky to go to a swimming pool?
Coronavirus Recommendations,Sick Child,"My child is sick, what shall I do? "
Coronavirus Recommendations,Precautions,I'm going to do a trip. how can I protect myself during it?
Coronavirus Recommendations,Employer,What do I do to protect my employees from Corona 
Coronavirus Recommendations,Purchasing Groceries,Am I allowed to do groceries? 
Coronavirus Recommendations,Returning From Travel,I'm coming back from a trip. What should I do?
Coronavirus Recommendations,Curfew,Have the authorities introduced a curfew already?
Coronavirus Recommendations,Postponed Surgeries,What surgery appointments have been moved?
About Coronavirus,Status,What’s status with Corona in Denmark 
Coronavirus Recommendations,Closed Shops,what stores are closed during the pandemic?
Coronavirus Recommendations,Border,Are borders closed? 
Coronavirus Recommendations,Visiting Elderly,Is it safe to visit elderly people in their homes or carehouses?
About Coronavirus,Strategy,What’s the current strategy to prevent Corona from spreading 
Coronavirus Recommendations,Sick Child,My girl is sick. how can I take care of her?
Coronavirus Recommendations,Public Transport,Are buses and trains still running during coronavirus?
Coronavirus Recommendations,Purchasing Groceries,Can I do the grocery shopping?
About Coronavirus,Testing,Who has to be tested for Corona 
Coronavirus Recommendations,Actions At Home,What can I do at home not to get infected?
Coronavirus Recommendations,Educating Children On Coronavirus,What shall I tell my children about coronavirus?
Coronavirus Recommendations,Curfew,Is there any lockdown?
Coronavirus Recommendations,Student,How can I find recommendations for students during Coronavirus outbreak?
Coronavirus Recommendations,Border,I have a question about the frontiers locked?
Coronavirus Recommendations,Visiting Elderly,Can I visit my elders?
Employer Guidelines,Sick Employee,What shall I do if one of my employees got infected?
Employer Guidelines,Refusal To Work,"What are my rights, if one of my employees refuses to come to work because of coronavirus?"
About Coronavirus,Fear,How afraid do I have to be for the Corona virus 
Coronavirus Recommendations,Public Transport,can I use the tube during the coronavirus crisis?
Coronavirus Recommendations,Citizen,what can i do to minimize spreading the virus
About Coronavirus,What Is Coronavirus,what is the coronavirus
Employer Guidelines,Refusal To Travel,Does en employee have a right to refuse to travel for work?
About Coronavirus,Incubation Period,How long does it take before you get sick from Corona 
About Coronavirus,What Do We Know About Coronavirus,what do we know abt covid-19
About Coronavirus,Symptoms,what the symptoms of the virus
Coronavirus Recommendations,Actions At Home,Being at home... can I do anything else to protect myself?
About Coronavirus,Pandemic,What does pandemic means 
About Coronavirus,Methods of Transmission,how is it transmitted
About Coronavirus,Mortality Rate,How many out of a hundred people will die from Corona 
Employer Guidelines,Vacation,Can my employee changed already scheduled vacation because of coronavirus
About Coronavirus,Infection Through Food,Can you get Corona from eating take away 
Coronavirus Recommendations,Educating Children On Coronavirus,How can explain to my girls how they should avoid infection?
Coronavirus Recommendations,Student,As an student... what are the recommendations for me during the crisis?
About Coronavirus,Infection Of Pets,Can pets be infected by Corona 
Employer Guidelines,Sick Employee,what can I do if someone in my team gets the virus?
About Coronavirus,Treatment,how to treat covid19
About Coronavirus,What Is Coronavirus,What is Corona 
About Coronavirus,Coronavirus Versus Influenza,isnt coronavirus just like to flu?
About Coronavirus,What Do We Know About Coronavirus,How much do we know about Corona 
About Coronavirus,Latest News,what is the latest news
Employer Guidelines,Refusal To Work,Someone in my team doesn't want to go to work because of the pandemic. What can I do?
About Coronavirus,Status,whats the status of the virus
About Coronavirus,Symptoms,What symptoms do you have when infected with Corona 
About Coronavirus,Incubation Period,tell me about the incubation period
About Coronavirus,Latest News,What’s the latest news about Corona 
Employer Guidelines,Refusal To Travel,Can any of my workers refuse to travel during the pandemic?
About Coronavirus,Mortality Rate,how many percent of infecet people die
About Coronavirus,Methods of Transmission,How do you get infected by Corona 
Coronavirus Recommendations,Pet,can i take care of my pet if i get coronavirus
Employer Guidelines,Vacation,Can booked vacations be modified during the crisis?
About Coronavirus,Coronavirus Versus Influenza,Is Corona similar to influenza
Coronavirus Recommendations,Curfew,is there currently a curfew
Employer Guidelines,Daycare,what can I do if my employee cannot come to work because of his child's school is closed due to coronavirus
Coronavirus Recommendations,Closed Shops,are electronic stores closed due to coronavirus
About Coronavirus,Treatment,What do the doctors do to people with Corona 
About Coronavirus,Pandemic,do you know what a pandemic is
Employer Guidelines,Quarantine,What is the procedure if one of my employees is under quarantine? 
Contact,Hotline,What is coronavirus hotline?
Employer Guidelines,Daycare,Schools are closed and someone in my team has no one to take care of his daughter. Can I do anything about it?
Employer Guidelines,Quarantine,One of my employees is lockdown under quarantine. How do I manage the situation?
Contact,Hotline,Where can I call?
Gatherings,Cancelling Gathering,What are reasons behind the government's decision to cancel gathering of people?
Gatherings,Arranging Gathering,Shall I cancel if I organize a gathering of people?
Gatherings,Gathering Precautions,What are the recommendations if someone organizes a gathering of people?
Gatherings,Cancelling Gathering,why are there recommendations about not grouping people?
About Coronavirus,Methods of Transmission,How coronavirus transmits from person to person?
About Coronavirus,Treatment,What is the treatment for coronavirus?
Gatherings,Arranging Gathering,I was preparing like a big meeting. what should I do?
About Coronavirus,Coronavirus Versus Influenza,Is coronavirus equal to Influenza?
About Coronavirus,Latest News,What are the latest news on Coronavirus?
About Coronavirus,Symptoms,What are the main symptoms of coronavirus?
Gatherings,Gathering Precautions,How can I organise an event?
About Coronavirus,Methods of Transmission,How do you catch Corona _
About Coronavirus,What Do We Know About Coronavirus,What info about coronavirus you have?
About Coronavirus,Infected Twice,Can I be reinfected? 
About Coronavirus,What Is Coronavirus,What is coronavirus?
Coronavirus Recommendations,Student,what are the reccomendations for students
Coronavirus Recommendations,People At Risk,What group of people are of higher risk to get coronavirus?
Coronavirus Recommendations,Curfew,can I still go out of home?
About Coronavirus,Mortality Rate,how many die of covid19
Coronavirus Recommendations,Pregnant,How should I behave if I am pregnant
About Coronavirus,Pandemic,what is a pandemic
Coronavirus Recommendations,Closed Shops,will variety stores close due to covid-19
About Coronavirus,How Many Infected,how many have tested positive for coronavirus
Employer Guidelines,Daycare,_
About Coronavirus,Status,what is the current status for the outbreak
Coronavirus Recommendations,Purchasing Groceries,can i still get groceries
About Coronavirus,Status,what is the status for the coronavirus outbreak
Coronavirus Recommendations,Closed Shops,will regular stores close due to covid-19
About Coronavirus,Latest News,"latest news, please"
Coronavirus Recommendations,Returning From Travel,i just got home from another country. what do i do
Contact,Hotline,can i contact a hotline
Coronavirus Recommendations,Closed Shops,which shops will close?
Coronavirus Recommendations,Actions If At Risk,what should i do if i'm part of an at risk group
Coronavirus Recommendations,Infection Prevention,how do i make sure i don't get infected
Coronavirus Recommendations,Student,can you tell me some informationabout student reccomendations
About Coronavirus,How Many Infected,how many people have been infected globally
About Coronavirus,How Many Infected,how many people have been infected with covid-19 globally
Employer Guidelines,Quarantine,one of my employees have been put inder quarantine. now what
Coronavirus Recommendations,Pregnant,should i take extra precautions if im pregnant
Coronavirus Recommendations,Returning From Travel,i'm returning from another country. what should i do
Coronavirus Recommendations,Actions At Home,Is there anything i can do to decrease the risk on COVID-19 infection?
Coronavirus Recommendations,Not At Risk,"im young and healthy, but should i take any precautions"
Coronavirus Recommendations,Educating Children On Coronavirus,How can i educate my child under quarantine?
Coronavirus Recommendations,Student,If i am a student will i have classes?
Employer Guidelines,Sick Employee,What to do if my employee is infected?
Coronavirus Recommendations,Curfew,Has been a curfew introduced already?
Employer Guidelines,Refusal To Work,What to do if my employee do not want to work because od Coronavirus?
Coronavirus Recommendations,Sick Child,What can I do if my child gets sick?
Employer Guidelines,Refusal To Travel,Can my employee refuse to travel because of coronavirus?
Coronavirus Recommendations,Contact With Infected,What are recommendations for people who were in contact with someone infected with Coronavirus?
About Coronavirus,Infected Twice,Is it possible to contract coronavirus more than once?
Employer Guidelines,Vacation,Does my vacation will changed due to coronavirus?
About Coronavirus,Symptoms,Where can I find a list of coronavirus symptoms?
Employer Guidelines,Daycare,What to do if my employee cannot work because the kids are not having kindergarten?
Employer Guidelines,Quarantine,What to do if my employee is undert quaranteen?
Contact,Hotline,How can i contact the hotline?
Gatherings,Cancelling Gathering,Why government is cancelling social activities?
Gatherings,Arranging Gathering,What to do if i am organising a gathering of many people?
About Coronavirus,What Do We Know About Coronavirus,How much do we know about coronavirus?
Coronavirus Recommendations,Closed Shops,What stores are shut down during coronavirus?
Coronavirus Recommendations,Sick Child,Is there some special procedure for people whose kids got infected with coronavirus?
About Coronavirus,Incubation Period,How long does it take to have coronavirus symptoms? 
Gatherings,Gathering Precautions,_
Coronavirus Recommendations,Pregnant,What to do if i am pregnant?
Employer Guidelines,Refusal To Work,What are my options is case my employee does not want to come to work due to coronavirus?
About Coronavirus,Infection Of Pets,Do cats and dogs get infected with coronavirus?
Coronavirus Recommendations,Children,Does my children are in risk?
Coronavirus Recommendations,Mask,Should i wear a mask?
Coronavirus Recommendations,Swimming Hall,Can i get infected if i go to swimming hall?
Coronavirus Recommendations,Precautions,_
Coronavirus Recommendations,Returning From Travel,What to do if i am coming back home from abroad?
Coronavirus Recommendations,Contact With Infected,"I was in contact with someone infected with coronavirus, what shall I do now?"
Coronavirus Recommendations,Postponed Surgeries,What type of surgeries has been postponed?
About Coronavirus,Pandemic,What a pandemic mean?
Coronavirus Recommendations,Closed Shops,Which shops are closed due to corona?
Coronavirus Recommendations,Sick Child,What to do if my child is at risk?
About Coronavirus,What Is Coronavirus,What does coronavirus mean?
Coronavirus Recommendations,Purchasing Groceries,Can i still do the groceries?
Coronavirus Recommendations,Curfew,Is there a curfew now?
Gatherings,Gathering Precautions,What precautions are recommended for people who organize a gathering of people?
Coronavirus Recommendations,Border,Which borders are closed?
About Coronavirus,Mortality Rate,How many people die from Coronavirus?
About Coronavirus,Pandemic,What is pandemic?
About Coronavirus,Mortality Rate,What is the death rate?
About Coronavirus,Infection Through Food,Is it possible to get infected with coronavirus with food?
About Coronavirus,Infection Of Pets,Can pets get infected by coronavirus?
About Coronavirus,Infected Twice,Can i get infected twice?
About Coronavirus,How Many Infected,How many people have been infected with Coronavirus?
Coronavirus Recommendations,Health Authority Recommendations,What Health authorities recommends?
Coronavirus Recommendations,Public Spaces,How should I act in public places?
Coronavirus Recommendations,Illness,What to do if i got sick?
Coronavirus Recommendations,Contact With Infected,What to do if i have been in touch with an infected person?
Coronavirus Recommendations,Employer,How can i protect my employees?
Coronavirus Recommendations,Citizen,What can i do to minimise the spread of corona?
About Coronavirus,What Is Coronavirus,What is the definition of coronavirus?
Coronavirus Recommendations,Not At Risk,_
Coronavirus Recommendations,Infection Prevention,What can i do to not get infected?
Coronavirus Recommendations,Doctor,When should i go to the doctor?
Employer Guidelines,Refusal To Travel,Can my employee say no to travel due to coronavirus?
Coronavirus Recommendations,Pet,What to do with my pet if i am tested covid-19 positive?
Coronavirus Recommendations,People At Risk,Who are at the highest risk of infection?
Coronavirus Recommendations,Actions If At Risk,What to do if i am a part of the risk group?
Coronavirus Recommendations,Public Transport,Can I use public transportation during the coronavirus outbreak?
Coronavirus Recommendations,Visiting Elderly,Can i go to visit elderly people?
Coronavirus Recommendations,Public Transport,Is public transport working?
About Coronavirus,Treatment,How infected people with coronavirus are treated?
About Coronavirus,Strategy,What is the strategy against coronavirus?
About Coronavirus,Testing,Who should be tested against coronavirus?
Coronavirus Recommendations,Postponed Surgeries,What kinds of surgeries are postponed for the future?
About Coronavirus,Fear,How serious i should be about coronavirus?
About Coronavirus,Incubation Period,_
About Coronavirus,Treatment,How coronavirus needs to be treated?
Coronavirus Recommendations,Curfew,Is a curfew on?
About Coronavirus,Coronavirus Versus Influenza,Is coronavirus same as influenza?
About Coronavirus,Latest News,What are the latest news about coronavirus?
Coronavirus Recommendations,Actions At Home,What shall I do at my home to decrease the risk of contracting coronavirus?
About Coronavirus,Status,What is the status of coronavirus?
About Coronavirus,What Is Coronavirus,What is Covid-19?
About Coronavirus,What Do We Know About Coronavirus,How much knowledge we already have about coronavirus?
About Coronavirus,What Do We Know About Coronavirus,What do you know about covid-19?
About Coronavirus,Symptoms,What are the symptoms of coronavirus?
About Coronavirus,Methods of Transmission,How can coronavirus be transmitted?
Coronavirus Recommendations,Actions If At Risk,What is the guidance for people in risk group?
Coronavirus Recommendations,Student,What should students do during coronavirus?
Coronavirus Recommendations,People At Risk,who are most af risk of getting hospitalized due to covid-19
Coronavirus Recommendations,Public Transport,what should i do if i travel by bus every day
Employer Guidelines,Quarantine,_
Coronavirus Recommendations,Returning From Travel,_
About Coronavirus,Infected Twice,can someone get coronavirus multiple times?
About Coronavirus,Pandemic,What is a pandemic exactly?
Coronavirus Recommendations,Postponed Surgeries,What surgeries are postponed because of coronavirus?
Gatherings,Gathering Precautions,Are there any measures I can take when organizing a gathering of people?
Coronavirus Recommendations,Actions At Home,What steps I can take at home to prevent coronavirus infection?
Coronavirus Recommendations,Actions At Home,_
About Coronavirus,How Many Infected,What is the current number of infected with coronavirus?
Coronavirus Recommendations,Postponed Surgeries,_
Coronavirus Recommendations,Sick Child,How should I look after my child that is infected with coronavirus?
Coronavirus Recommendations,Visiting Elderly,Are visits to homes of elderly people or care houses banned?
Coronavirus Recommendations,Visiting Elderly,_
About Coronavirus,Infected Twice,Can you catch the coronavirus twice?
Coronavirus Recommendations,Visiting Elderly,_
Coronavirus Recommendations,Closed Shops,What stores are shut down?
About Coronavirus,Infection Through Food,can i get covid-19 from meat
Employer Guidelines,Refusal To Travel,Can Employees Refuse To Travel Out Of Fear Of Contracting coronavirus?
About Coronavirus,Pandemic,can you tell me what a pandemic is
About Coronavirus,Mortality Rate,how many die on average of coronavirus
About Coronavirus,Coronavirus Versus Influenza,How does coronavirus compare to Influenza?
About Coronavirus,How Many Infected,how many infected?
Coronavirus Recommendations,Educating Children On Coronavirus,How to talk to your child on coronavirus?
About Coronavirus,Infection Through Food,Can you catch COVID-19 from food?
Coronavirus Recommendations,Employer,What are the steps to protect employees during coronavirus?
Coronavirus Recommendations,Postponed Surgeries,_
Coronavirus Recommendations,Returning From Travel,_
Coronavirus Recommendations,Contact With Infected,What to do if you were potentially exposed to someone with coronavirus?
Coronavirus Recommendations,Closed Shops,_
Coronavirus Recommendations,Visiting Elderly,can i still visit my grandmother at her house?
About Coronavirus,Latest News,what are the latest covid-19 news
Coronavirus Recommendations,Not At Risk,What do I have to do if I don't belong to any of the risk groups?
Coronavirus Recommendations,Infection Prevention,What guidelines do I have to follow to avoid being infected?
Coronavirus Recommendations,Doctor,When do I have to go to the doctor?
Coronavirus Recommendations,Pet,What do I do with my pet if I have tested positive for Coronavirus / COVID-19?
Coronavirus Recommendations,People At Risk,What are the main risk groups for the disease?
Coronavirus Recommendations,Actions If At Risk,What precautions should I take if I am part of a risk group?
About Coronavirus,Symptoms,how do I know if I have Corona?
About Coronavirus,Methods of Transmission,can i catch it if i speak to someone?
About Coronavirus,Treatment,is there a vaccine?
About Coronavirus,Coronavirus Versus Influenza,is it more serious than the flu?
About Coronavirus,Latest News,did the government close the borders?
About Coronavirus,Status,how many have died?
About Coronavirus,Strategy,should i avoid people?
About Coronavirus,Testing,does my family need to get tested? 
About Coronavirus,Fear,am i likely to end up in the hospital or die?
About Coronavirus,Incubation Period,how long should i self-quarantine?
About Coronavirus,Pandemic,pnademic what does it mean
About Coronavirus,Mortality Rate,how many have died worldwide?
About Coronavirus,Infection Through Food,if i get takeaway am i at risk?
About Coronavirus,Infection Of Pets,is my cat at risk
About Coronavirus,Infected Twice,are there different strands of the virus? does one build immunity?
About Coronavirus,How Many Infected,people infected worldwide
Coronavirus Recommendations,Health Authority Recommendations,what does the government recommend to do?
Coronavirus Recommendations,Public Spaces,should i wear mask and gloves
Coronavirus Recommendations,Illness,i have a cough but i don't know if it's corona
Coronavirus Recommendations,Contact With Infected,my boyfriend is positive what do i do
Coronavirus Recommendations,Employer,should i close the office
Coronavirus Recommendations,Citizen,do i need to quarantine
Coronavirus Recommendations,Not At Risk,i'm low risk but am i still in danger?
Coronavirus Recommendations,Visiting Elderly,can i still visit elderly family
Coronavirus Recommendations,Infection Prevention,if i wash my hands am i safe?
Coronavirus Recommendations,Doctor,should i get tested for corona? 
Employer Guidelines,Daycare,someone in my office can't work because they are babysitting
Coronavirus Recommendations,Public Transport,i take the train to work every day
Employer Guidelines,Quarantine,"my colleague is in lockdown, when can he be back in the office?"
Contact,Hotline,is there a number for questions
Gatherings,Cancelling Gathering,why can't i go to a festival
Gatherings,Arranging Gathering,it's my graduation can i celebrate with my friends
Gatherings,Gathering Precautions,if i have a dinner at my place do we need to be 2m apart?
Coronavirus Recommendations,Pet,can my bird catch the corona if i have it
Coronavirus Recommendations,People At Risk,is grandma or grandpa in danger
Coronavirus Recommendations,Actions If At Risk,i'm 28 am i gonna catch it
Coronavirus Recommendations,Pregnant,"i've got a baby on the way, what to do"
Coronavirus Recommendations,Children,should i send the kids to kindergarten
Coronavirus Recommendations,Mask,is the mask effective
Coronavirus Recommendations,Swimming Hall,but i like to swim in the pool
Coronavirus Recommendations,Precautions,is my Easter flight going to get cancelled
Coronavirus Recommendations,Returning From Travel,"i just came back from france, can i see my sister"
Coronavirus Recommendations,Postponed Surgeries,i had an eye operation scheduled do you think it will happen
Coronavirus Recommendations,Educating Children On Coronavirus,my child is scared what do i tell him
Coronavirus Recommendations,Student,do i go to classes at uni
Employer Guidelines,Sick Employee,my colleague caught the virus shall i stay home?
Employer Guidelines,Refusal To Work,"one of my employees has to stay home with the kids, do I fire him?"
Employer Guidelines,Refusal To Travel,we have a business trip to florida but an employee is scared to come
Employer Guidelines,Vacation,"i can't go on holiday now, can i change my flight tickets?"
Coronavirus Recommendations,Closed Shops,can i still buy ice cream
Coronavirus Recommendations,Sick Child,"my kid is coughing, does he need to see the doctor or to be taken to the hospital"
Coronavirus Recommendations,Purchasing Groceries,what if i run out of toilet paper
Coronavirus Recommendations,Curfew,am i allowed out after 9?
Coronavirus Recommendations,Border,can i buy stuff in Germany
Coronavirus Recommendations,Visiting Elderly,can i see my grandma 
Coronavirus Recommendations,Public Transport,can i take the train?
Coronavirus Recommendations,Actions At Home,should i disinfect everything at home?
About Coronavirus,What Is Coronavirus,whats corona
About Coronavirus,What Do We Know About Coronavirus,can i see the most recent statistics on contagion
About Coronavirus,Testing,should everyone get tested
Coronavirus Recommendations,Precautions,so do i need to wipe all doorknobs?_
About Coronavirus,What Is Coronavirus,what's carona_
Coronavirus Recommendations,Sick Child,So... What do we do if our daughter gets it?
Coronavirus Recommendations,Purchasing Groceries,Is it still allowed to go out and buy groceries?
Coronavirus Recommendations,Curfew,are we allowed to go out there? is there any curfew?
Coronavirus Recommendations,Border,"based on the news about the border lockout, can we travel abroad?"
Coronavirus Recommendations,Visiting Elderly,can we go and visit our granny?
Coronavirus Recommendations,Public Transport,is it allowed to take buses or trains during this outage?
Coronavirus Recommendations,Actions At Home,what can we do here to prevent the spread of it? at home?
Coronavirus Recommendations,Educating Children On Coronavirus,what can we tell to our 5-year-old daughter about COVID-19?
Coronavirus Recommendations,Student,what am I supposed to do as a student?
Employer Guidelines,Sick Employee,What are we supposed to do as a company if one of us is infected?
Employer Guidelines,Refusal To Work,can we force people to work during this period?
Employer Guidelines,Refusal To Travel,can employees refuse to travel in this period? Can we force them to do so?
Employer Guidelines,Vacation,can employees re-schedule scheduled vacation?
Employer Guidelines,Daycare,"our employee is saying that she cannot leave her child alone at home, we don't know what to do"
Employer Guidelines,Quarantine,"one of us is under quarantine, we would like to know how to proceed"
Contact,Hotline,please provide me with a number for a hotline of someone I can talk to
Gatherings,Cancelling Gathering,are gatherings and meetings allowed?
Gatherings,Arranging Gathering,what are the recommended actions to organize a gathering?
Gatherings,Gathering Precautions,what are the good directives when organizing a meeting?
Coronavirus Recommendations,Public Spaces,"when out there in the street, what are the recommended actions to take?"
Coronavirus Recommendations,Illness,"I have some symptoms, how do I really know if I've got it?"
About Coronavirus,Mortality Rate,What’s the death rate of the corona?
About Coronavirus,Infection Through Food,Can I get infected by eating?
Coronavirus Recommendations,Pet,I’m infected and what should I do with my dog?
Coronavirus Recommendations,People At Risk,Which demographics are most prone to catch the disease? 
Coronavirus Recommendations,Actions If At Risk,I have a lung disease. What should I do?
Coronavirus Recommendations,Pregnant,I am with child and don’t know what to do 
Coronavirus Recommendations,Postponed Surgeries,Has cancer treatment been postponed?
Coronavirus Recommendations,Closed Shops,Are there any shops open right now?
Coronavirus Recommendations,Sick Child,My kid may be sick from corona. What should I do?
Coronavirus Recommendations,Purchasing Groceries,Is it safe to buy food? 
Coronavirus Recommendations,Curfew,Am I allowed to go out?
Coronavirus Recommendations,Border,Can I travel outside the country?
Coronavirus Recommendations,Visiting Elderly,Can I visit my old father? 
Coronavirus Recommendations,Public Transport,May I commute via the metro train? 
Coronavirus Recommendations,Actions At Home,How can we prevent the virus to spread in our household? 
Coronavirus Recommendations,Educating Children On Coronavirus,How can I tell my son about the corona?
Coronavirus Recommendations,Student,"I am a student, is it ok to study in groups?"
About Coronavirus,Incubation Period,How long does it take to get sick?
About Coronavirus,What Do We Know About Coronavirus,What can you tell me about the corona virus?
About Coronavirus,Symptoms,What symptoms are there?
About Coronavirus,Methods of Transmission,How does the virus travel from people to people?
About Coronavirus,Treatment,Is there a cure for the virus?
About Coronavirus,Coronavirus Versus Influenza,Is corona different from a normal flu?
About Coronavirus,Latest News,Is there any news today?
About Coronavirus,Status,What is the status?
About Coronavirus,Strategy,How are we making sure the virus doesn’t not spread?
About Coronavirus,Testing,Should I get my grandfather tested?
About Coronavirus,Fear,Should I be scared?
About Coronavirus,Infection Of Pets,Can animals catch the virus?
About Coronavirus,Infected Twice,Will I be immune?
About Coronavirus,How Many Infected,How many people has gotten the virus 
Coronavirus Recommendations,Public Spaces,Should I avoid people when I am outside? 
About Coronavirus,What Is Coronavirus,Is corona a virus?
About Coronavirus,Incubation Period,How long is the period from getting the virus to becoming sick?_
Gatherings,Cancelling Gathering,Why does the government recommend to avoid large groups of people? 
Gatherings,Arranging Gathering,Can I still have a gathering of people? What do I have to do in that case? 
Gatherings,Gathering Precautions,How do I keep a gathering of people safe? 
About Coronavirus,Coronavirus Versus Influenza,Is coronavirus more dangerous than the flu? 
About Coronavirus,Latest News,What are the news on corona virus? 
About Coronavirus,Status,What are the statistics about coronavirus?
About Coronavirus,Strategy,How do we fight the coronavirus pandemic?
About Coronavirus,Testing,Who gets tested for the coronavirus?
About Coronavirus,Fear,Is the coronavirus bad? 
About Coronavirus,Incubation Period,How long do you have until you show symptoms of corona? 
About Coronavirus,Pandemic,What is a pandemic and who decides it
About Coronavirus,Mortality Rate,What is the mortality rate of the coronavirus? Is it worse than the flu?
About Coronavirus,Infection Through Food,Can you get corona virus from food?
About Coronavirus,Infection Of Pets,Can pets get the corona virus? 
About Coronavirus,Infected Twice,Can you get reinfected with the coronavirus? 
About Coronavirus,How Many Infected,How many people are sick of corona? 
Coronavirus Recommendations,Health Authority Recommendations,What are the health recommendations for coronavirus?
Coronavirus Recommendations,Public Spaces,Do I need a mask when I go outside? What are the rules for social distancing?
Coronavirus Recommendations,Illness,can I go to the hospital? 
Coronavirus Recommendations,Contact With Infected,What to do if someone I’ve been in contact with has corona?
Coronavirus Recommendations,Employer,What are the office rules for coronavirus?
Coronavirus Recommendations,Citizen,What can I do to help with coronavirus? 
Coronavirus Recommendations,Not At Risk,What to do as a healthy person about the coronavirus pandemic?
Coronavirus Recommendations,Infection Prevention,Do I need to wear a mask? How often should I wash my hands?
Coronavirus Recommendations,Doctor,Do I go to the doctor if I have corona? 
Coronavirus Recommendations,Actions At Home,Do I need to wash my produce? What kind of disinfectant works against corona virus?
Coronavirus Recommendations,Educating Children On Coronavirus,What to tell my kids about coronavirus?
Coronavirus Recommendations,Student,Are schools still open? What should I do as a student with coronavirus
Employer Guidelines,Sick Employee,One of my employees has corona. What do I need to do about it?
Employer Guidelines,Refusal To Work,Can you fire someone for not coming to work during coronavirus? 
Employer Guidelines,Refusal To Travel,Can you make employees travel for work during corona virus?
Employer Guidelines,Vacation,What are the vacation rules about the corona for companies?
Employer Guidelines,Daycare,What to do when employees have to stay with their kids? 
Employer Guidelines,Quarantine,What do I about my employees that are in quarantine? Can they still work? 
Contact,Hotline,What is the coronavirus phone number? What is the coronavirus hotline number
Coronavirus Recommendations,Pet,Can my pet get coronavirus? What to do if I got coronavirus about my cat?
Coronavirus Recommendations,People At Risk,What are the risk groups for COVID-19? 
Coronavirus Recommendations,Actions If At Risk,How to stay safe from corona virus if I am in a risk group?
Coronavirus Recommendations,Pregnant,What do I do if I’m pregnant? Is corona virus dangerous for me? 
Coronavirus Recommendations,Children,Is coronavirus bas for children?
Coronavirus Recommendations,Mask,Do masks help with coronavirus?
Coronavirus Recommendations,Precautions,What to do if I have to travel during corona virus!
Coronavirus Recommendations,Returning From Travel,Do I have to go into quarantine if I come back home from abroad? Is it mandatory?
Coronavirus Recommendations,Postponed Surgeries,Can you still get surgery during corona virus?
Coronavirus Recommendations,Closed Shops,What kind of shops are still allowed CODID-19?
Coronavirus Recommendations,Sick Child,What to do if my kid got corona?
Coronavirus Recommendations,Purchasing Groceries,Are supermarkets still open?
Coronavirus Recommendations,Curfew,Do I have to stay home after a certain time of day?
Coronavirus Recommendations,Border,Are the borders still open? Who can come into the country?
Coronavirus Recommendations,Visiting Elderly,Can I visit my older relatives during corona?
Coronavirus Recommendations,Public Transport,Are the buses still running during COVID-19? 
Coronavirus Recommendations,Children,should i worry about my kids?_
About Coronavirus,Mortality Rate,how many dies from it?
About Coronavirus,Mortality Rate,how many dies from it?
About Coronavirus,Mortality Rate,how many dies from the virus?_
Coronavirus Recommendations,Student,Should i go to school?
Employer Guidelines,Sick Employee,What to do if your employee has tested positive for covid
Employer Guidelines,Refusal To Work,Recommendations for forcing employees for take vacation during covid 
Employer Guidelines,Refusal To Travel,Rules for work travel during corona
Employer Guidelines,Vacation,Can i postpone my vacation
Employer Guidelines,Daycare,What to do if employee cannot find daycare
Employer Guidelines,Quarantine,What can i demand of an employee under quarantine
Contact,Hotline,Contact 
Gatherings,Cancelling Gathering,Why does the government ban gatherings
Gatherings,Arranging Gathering,Rules for gatherings
Coronavirus Recommendations,Educating Children On Coronavirus,What should I explain about coronavirus to my kids?
About Coronavirus,What Do We Know About Coronavirus,What do we know about corona?_
About Coronavirus,Pandemic,What is a pandemic?
Employer Guidelines,Refusal To Travel,Can anyone in my team refuse to travel during the pandemia?
About Coronavirus,Infection Through Food,Can I get the virus eating?
About Coronavirus,Coronavirus Versus Influenza,"I'm confused, I don't know if corona is related to influenza. Is it the same?"
Coronavirus Recommendations,Public Transport,What's the problem of traveling by bus?
Coronavirus Recommendations,People At Risk,Am I at risk?_
About Coronavirus,Infected Twice,can I be infected twice?_
Coronavirus Recommendations,Public Spaces,can I go out?
Contact,Hotline,can I get in touch with a human?
About Coronavirus,Infected Twice,can I be infected again?_
About Coronavirus,Infection Of Pets,can my dog get sick?_
Coronavirus Recommendations,Public Transport,What are the rules for using the metro?
Coronavirus Recommendations,Public Transport,What are the rules for using the public transport?
Coronavirus Recommendations,Curfew,can I go out?
About Coronavirus,What Is Coronavirus,Can you explain me what is the Corona?
Coronavirus Recommendations,Contact With Infected,What do I do if my neighboor has been tested positive for COVID?